review,notes,dates,accords_avis,dessaccords_avis
Belle blague je les eu gratuitement rÃ©sultat mon pote et devenu mon ennemi je vous dÃ©conseille cette blague c'est vraiment le pire jeu de foot ne l'achetez pas c'est vraiment une honte les bug a chaque fois je suis devant les cage mon joueur ne tire pas s'arrÃªte de bougez c'est vraiment un sketch,0,PostÃ© le 03 oct. 2023 Ã  11:54,21,0
"EA qui comme d'habitude s'engraisse avec les pigeons mais le jeu est de pire en pire. Une Caaataaastrophe ""Simulation"" de football lol.Vivement qu'un concurrent vienne s'immiscer dans la lutte ! C'est pas prÃ¨s d'arriver malheureusement !",0,PostÃ© le 29 sept. 2023 Ã  19:06,17,0
Belle blague je les eu gratuitement rÃ©sultat mon pote et devenu mon ennemi je vous dÃ©conseille cette blague c'est vraiment le pire jeu de foot ne l'achetez pas c'est vraiment une honte les bug a chaque fois je suis devant les cage mon joueur ne tire pas s'arrÃªte de bougez c'est vraiment un sketch,0,PostÃ© le 03 oct. 2023 Ã  11:54,21,0
"EA qui comme d'habitude s'engraisse avec les pigeons mais le jeu est de pire en pire. Une Caaataaastrophe ""Simulation"" de football lol.Vivement qu'un concurrent vienne s'immiscer dans la lutte ! C'est pas prÃ¨s d'arriver malheureusement !",0,PostÃ© le 29 sept. 2023 Ã  19:06,17,0
"Ils ont rÃ©ussi Ã  faire pire que Fifa 23 ! Milieu et dÃ©fense Ã  lâ€™ouest. On a lâ€™impression que câ€™est fait exprÃ¨s pour avoir des matchs Ã  7,8,9 butsâ€¦ Ã€ fuir",0,PostÃ© le 29 sept. 2023 Ã  18:32,15,0
"Adepte des FIFA depuis le 96, j'ai toujours Ã©tÃ© convaincu par ce que proposait la marque, avec des hauts et des bas certes, mais un certain niveau de qualitÃ© et de prestige. Et malgrÃ© quelques allers-retours chez PES, j'y suis toujours revenu, car FIFA restait une rÃ©fÃ©rence. Mais cette annÃ©e, cela ne peut plus Ãªtre le cas. Ce EAFC24 n'a plus grand chose Ã  voir avec une simulation de football, dans la mesure oÃ¹ le match en lui-mÃªme, le cÅ“ur du jeu de foot, est une succession de catastrophes. Certes, le contenu est plÃ©thorique, mais c'est une vaine consolation quand la finalitÃ© du jeu, jouer au football, est une telle souffrance. MÃªme en faisant abstraction du online, mode dans lequel le gameplay devient carrÃ©ment grotesque, le jeu ne procure aucun plaisir tant la physique du ballon, des joueurs, leurs vitesses relatives, les passes, les ""tirs"", le jeu des gardiens, tout cela est complÃ¨tement Ã  cÃ´tÃ© de la plaque. MÃªme l'opus prÃ©cÃ©dent, reconnu comme mauvais mais ayant l'excuse de la transition, ne proposait pas un niveau de simulation aussi dÃ©sastreux. Aussi je suis extrÃªmement surpris par la note attribuÃ©e par le testeur, j'ai vraiment l'impression d'avoir jouÃ© Ã  un autre jeu que lui.Points positifs :- Le mode carriÃ¨re joueur, trÃ¨s complet et permettant de faire abstraction du gameplay Ã  condition de contrÃ´ler le joueur seul.- Le contenu.Points nÃ©gatifs :- Jouer un match de football dans le jeu : tout est Ã  revoir, la physique des joueurs, des ballons, les passes absurdes, le combo tir-arrÃªt du gardien totalement irrÃ©aliste, L'IA des coÃ©quipiers en phase dÃ©fensive, l'IA des coÃ©quipiers en phase de possession, l'IA adverse, le online qui transforme tout cela en grand n'importe quoi...",5,PostÃ© le 29 sept. 2023 Ã  07:53,34,3
"Ce n'est pas du football les joueurs glissent de partout , aucun Ã©quilibre entre l'attaque et la dÃ©fense..Jeu catastrophique en l'Ã©tat .Arnaque totale a 70 euros",0,PostÃ© le 30 sept. 2023 Ã  13:12,14,0
"J'ai mÃªme plus les mots... Quelle mÃ©diocritÃ© bon sang (et pour rester poli) ! Chez EA, plus aucun effort Ã  fournir, aucune concurrence donc on reste au mieux sur nos acquis, et on continue de pondre une daube de jeu arcade avec son jeu de cartes claquÃ© mais hyper lucratif qui convient Ã  tous les footix.Perso, je m'en balancerais royalement des licences si un autre Ã©diteur composÃ©s de vrais passionnÃ©s nous sortaient une vraie simulation de football, avec un gameplay rÃ©aliste. Si seulement un autre acteur entrait dans la danse. Y a tellement une place Ã  prendre.",0,PostÃ© le 30 sept. 2023 Ã  09:59,14,0
"CopiÃ© collÃ© du 23, honteux de vendre Ã§a 70 euros. C'est tellement dommage que les gens soient encore assez fou pour bien noter ce jeu. Ã‡a vous fait rien franchement ? Ã€ un moment donnÃ©, faudrait peut-Ãªtre leur faire comprendre qu'ils ont fait de la *****.",0,PostÃ© le 30 sept. 2023 Ã  17:14,20,1
"La dÃ©ception est totale  franchement c'est le pire opus de la sÃ©rie, fifa 23 Ã©tait limite bien meilleur, 80e pour Ã§a franchement c grave.passez votre chemin.",0,PostÃ© le 29 sept. 2023 Ã  13:55,13,0
"EA de pire en pire. Des voleurs complet. Câ€™est le plus nul de tous les fifa. Ã‡a en devient Ã©cÅ“urant mÃªme. Les modÃ©lisations de joueurs connus pas finaliser, maillots manquants.Et encore pire ils ont totalement supprimÃ© les scÃ¨nes dâ€™entrÃ©es de matchs. (Fini lâ€™hymne de la LDC, ligue anglaise, bundesliga, sÃ©ria A, liga etcâ€¦) avec lâ€™entrÃ©e des joueurs hyper bÃ¢clÃ©.Ca ne ressemble mÃªme plus Ã  un jeu de simulation de football.Un dÃ©sastre complet surtout pour le prix.Totalement dÃ©goÃ»tÃ© par ce jeu de mâ€¦.Et surtout cette entreprise de bons a riens avec leur dÃ©veloppeurs hyper incompÃ©tents.Gameplay Ã  chier, que des scores de tennis, gardiens passoir â€¦Le jeu Ã  fuir !",1,PostÃ© le 29 sept. 2023 Ã  23:58,25,2
"Encore une annÃ©e oÃ¹ je perd de lâ€™argent , EA de pire en pire , les joueurs qui beug , les gardien de la vrai grosse merde 0 arrÃªt , la communautÃ© en ligne jâ€™en parle pas les gens ne savent plus jouer au football il savent faire que des tout droit des lâ€™engagement du match 0 crÃ©ation de jeux sa devient Ã©cÅ“urant, les femmes qui ont de meilleurs stats que les mecs du jamais vue ok les femme savent jouer au foot mais faut pas abuser non plus , les faute coup dâ€™Ã©paule ou pied sur le ballon carton rouge et tacle de boucher câ€™est avertissement voir jaune je parle pas de beug ou de scrip quand tu mÃ¨ne au score du genre 3-1 Ã  la mi temp et deuxiÃ¨me mi temp lâ€™adversaire a tout les contre improbable du jeu et remonte le score voir passe devant en mÃªme pas 10 min , les changements de joueur se font alÃ©atoirement donc sa devien ingÃ©rable en dÃ©fense ect EA manger vous un mur tant quâ€™il nâ€™y aura pas dâ€™amÃ©lioration je supprime le jeu.",0,PostÃ© le 04 oct. 2023 Ã  20:07,12,0
"jai l'impression de voir les mÃªmes Avis q en 2022 2023  pourquoi changer un truc nul qui rapporte des millions  , leurs but c'est de vous faire croire que tout les ans Ã§a  s'amÃ©liore arrÃªtÃ© de les hacheter",1,PostÃ© le 05 oct. 2023 Ã  19:05,10,0
"Le pire jeux de l'histoire, 70e ? Foutage de gueulle, une mise Ã  jour aurait plus honnÃªte, la c est clairement du vol. La defense catastrophique pour anticipÃ© entre les lignes, pleins d incoherences dans les mouvements, duel, contre, j en parle pas des tetes en gros c est fifa 23 en plus nul et oui c est la marque fifa depuis 7 ans sa rÃ©gresse et font des milliards euros sur notre dos, alors qu avec tout cet argent il devrai aisement faire Ã©voluer le jeu dans le sens de la demande de leurs enrichisseurs.terminer fifa en attente d un concurrent qui sera honnete et recuperer tout les clients.Aller les gars en parler autour de vous t a ce renseigner pour faire Ã©voluer cette idee de trouver un concurrent",0,PostÃ© le 03 oct. 2023 Ã  22:43,10,0
"Absolument scandaleux de proposer un jeu de foot aussi buggÃ©.DÃ©fense catastrophique, des gardiens atroces, tout le systÃ¨me dÃ©fensif est dÃ©faillant. ğŸ˜¡Il est pratiquement impossible de jouer sereinement sans vivre des situations grotesques pendant un match.Des scores de tennis, des buts complÃ¨tement WTF mais le pire est cet effet de patinoire oÃ¹ les joueurs glissent constamment et ne tiennent pas debout ğŸ˜«Merci aux 10 Heures de lâ€™EA Play de mâ€™avoir Ã©pargnÃ© cet attentat vidÃ©oludique.",2,PostÃ© le 29 sept. 2023 Ã  08:51,20,2
"Une arnaque, tout simplement.Le jeu est pire que FIFA 23. La dÃ©fense est totalement INJOUABLE, impossible de prendre la balle aux attaquants (qui glissent comme si ils Ã©taient Ã  la patinoire), les animations de leur blague ""HYPERMOTION V"" sont grotesques, les animations sont pires que les Fifa prÃ©cÃ©dents ! Il y a une vidÃ©o de fifa 19 qui tournent en ce moment qui montrent que Ã§a a rÃ©gressÃ© Ã  ce niveau lÃ , je vous invite Ã  aller la voir. Les engagements toujours autant bugÃ©s, la profondeur toujours autant dÃ©vastatrice, les dÃ©fenseurs qui reculent pour laisser passer les attaquants et j'en passe. Sam Kerr et ses 1m63 qui bougent mon Van Dijk et gagne des duels de la tÃªte de dÃ©fenseurs de plus de 1m90 mais WTF ????????Il y a pas un match qui ne finit pas par un score de tennis, impossible d'Ãªtre en place tellement Ã§a va dans tous les sens. Ce jeu mÃ©rite un 0 pointÃ© tellement EA sports se fiche de la g***** du monde. J'en ai terminÃ© avec les jeux de foot aprÃ¨s plus de 20 ans de bon et loyaux services mais je ne suis plus le public visÃ©. En Bref, passez votre chemin, sinon vos manettes vont y passer.",0,PostÃ© le 07 oct. 2023 Ã  01:08,14,1
"Le pire Â«Â fifaÂ Â». Impossible de dÃ©fendre correctement, des grands ponts Ã  gogo, un gardien = passoire. ExtrÃªmement dÃ©Ã§u, une vrai daube. Rarement un tel Ã©chec.",2,PostÃ© le 08 oct. 2023 Ã  11:05,12,1
Belle blague je les eu gratuitement rÃ©sultat mon pote et devenu mon ennemi je vous dÃ©conseille cette blague c'est vraiment le pire jeu de foot ne l'achetez pas c'est vraiment une honte les bug a chaque fois je suis devant les cage mon joueur ne tire pas s'arrÃªte de bougez c'est vraiment un sketch,0,PostÃ© le 03 oct. 2023 Ã  11:54,21,0
"EA qui comme d'habitude s'engraisse avec les pigeons mais le jeu est de pire en pire. Une Caaataaastrophe ""Simulation"" de football lol.Vivement qu'un concurrent vienne s'immiscer dans la lutte ! C'est pas prÃ¨s d'arriver malheureusement !",0,PostÃ© le 29 sept. 2023 Ã  19:06,17,0
"Plus de 10 ans que je joue Ã  cette licence. Je pense que je n'ai jamais vu un jeu aussi mauvais et aussi mal fini.J'ai l'impression que EA a rassemblÃ© tous les bugs des opus prÃ©cÃ©dents dans celui ci, rien ne va. Je n'ai mÃªme pas envie de les Ã©numÃ©rer tellement il y en a. C'est le gameplay le plus nul, injouable et insipide tous FIFA confondu.Sinon, rien n'a changÃ© dans tous les modes de jeu. C'est toujours les mÃªmes qu'il y a 5 ans mais Ã§a on a l'habitude. Les menus sont lents, Ã§a aussi c'est ratÃ©. Bref, j'ai pas tout en tÃªte mais c'est de loin le plus mauvais jeu que j'ai pu testÃ©. Un beau 0 bien mÃ©ritÃ©.",0,PostÃ© le 13 oct. 2023 Ã  18:10,7,0
"depuis fifa 08, j'ai achetÃ© tous les fifa Ã  la sortie, depuis quelques annÃ©es dÃ©jÃ  je voyais qu'ils se foutaient de nous. je n'ai mis d'avis mais la je suis obligÃ©, le gameplay est casi le mÃªme depuis fifa 18. j'en ai marre de payer des maj chaques annÃ©es. 0/20 bien mÃ©ritÃ©",0,PostÃ© le 02 oct. 2023 Ã  15:46,7,0
"EssayÃ© sur l'EA access et franchement c'Ã©tait largement suffisant pour voire qu'il y a 0 Ã©volution (comme le note que je lui attribue), par rapport aux prÃ©cÃ©dents opus. On ne sent mÃªme plus la diffÃ©rence pad en main. LÃ , on tombe vraiment dans l'escroquerie! N'achetez pas cette arnaque! Gardez votre argent pour un jeu qui en vaut la peine.",0,PostÃ© le 02 oct. 2023 Ã  14:53,7,0
"Chaque annÃ©e, les jeux sont de plus en plus nul et ce FC24 est le pire jeu de foot depuis plusieurs annÃ©es.EA a osÃ© retirÃ© les entrÃ©es des joueurs ce qui gÃ¢che tout, je ne comprends pas comment ils ont pu faire Ã§a. L'entrÃ©e et la prÃ©sentation des joueurs, les hymnes et les compositions des Ã©quipes font parti du match, sans Ã§a je n'ai aucune envie d'y jouer, sans parler du peu de nouveautÃ©s.",0,PostÃ© le 01 oct. 2023 Ã  17:00,7,0
"EA a tuÃ© cette licence avec FUT, il n'y a rien d'autre Ã  dire.Ce jeu de carte n'a rien Ã  faire sur un jeu de simulation de foot.On ne peut mÃªme pas faire du 2v2 3v3 ect avec des potes en ligne en 2023",1,PostÃ© le 20 oct. 2023 Ã  17:17,5,0
"Pire jeu, on change pas une Ã©quipe qui gagne. Je pensais que Ã§a allait changer ne serait-ce qu'un peu avec le nouveau, je pensais mal, il n'en est guÃ¨re. Ã€ fuir.",0,PostÃ© le 09 oct. 2023 Ã  21:25,5,0
Le pire fifa depuis que jâ€™y joue (fifa 09). Le jeu fait que bug dans les menus. Des bug daffichage 1 match sur deux. Au niveau des matchs câ€™est au moins mÃ©ritant de gagner. Le jeu dÃ©cide Ã  lâ€™avance qui va gagner et ne sâ€™en cache plus avec des contres favorables Ã  tout vas. Un bon fifa bien nul qui me donne envie dâ€™arrÃªter complÃ¨tement se je de m***,1,PostÃ© le 09 oct. 2023 Ã  20:16,5,0
"Une simple copie de fifa 23. Des ajouts mineurs qui ne nÃ©cessitent pas un tarif aussi Ã©levÃ©. Pour couronner le tout, les cinÃ©matiques dâ€™entrÃ©es ont Ã©tÃ© supprimÃ©esâ€¦La prioritÃ© est clairement donner Ã  FUT, au dÃ©triment des joueurs solo.",5,PostÃ© le 09 oct. 2023 Ã  13:10,8,1
"lamantable, des score fleuves de 7 Ã  6, pas de constructions, des attaquants sur scooter et surtout aucun plaisir a jouer.pourtant je n'en veux pas Ã  ea, j'en veux a konami et aux joueurs qui n'on pas acheter ce jeux merveilleux qu'etait pes 2020",1,PostÃ© le 03 oct. 2023 Ã  05:14,7,1
Comme d'hab on fait un copier coller chaque annÃ©e en changeant seulement le nom et les graphismes et puis ce n'est pas en ajoutant quelque petits truc par ci par lÃ  qu'on fait un nouveau jeux et le pire c'est que ce n'est pas que EA toute les grandes boÃ®tes du JV sont devenu une catastrophe.,0,PostÃ© le 09 oct. 2023 Ã  11:47,4,0
SincÃ¨rement dÃ©Ã§u de ce jeux remplis de bug et de honte . Surtout au niveau du gardien et de la dÃ©fense . Vous avez pas la sensation de contrÃ´ler votre jeux. Mais plus une sensation de jouer Ã  la roulette . Rouge ou noir . Gagner un match câ€™est avoir de la chance que les bug sois de votre coter ğŸ‘,1,PostÃ© le 02 oct. 2023 Ã  01:29,4,0
"HonnÃªtement, le nombre de choses qui ont Ã©tÃ© supprimÃ©s de fifa 23 a ce jeu.. On est censÃ© parler de progrÃ¨s dâ€™annÃ©e en annÃ©e mais encore une fois EA se fiche bien de nous, plus de cinÃ©matique dâ€™entrÃ©e, des graphismes digne dâ€™une console portable.Et faire payer les gens un prix fort pour ce navet ?? On peut mÃªme plus rÃ©gler la luminositÃ© câ€™est dire Ã  quel point câ€™est grotesque.Le gameplay câ€™est cataclysmique, en mode online câ€™est que des passes interceptÃ©es, un forcing pour savoir qui aura le ballon Bref 1/20 câ€™est dÃ©jÃ  beaucoup",1,PostÃ© le 01 oct. 2023 Ã  20:17,4,0
"Chaque annÃ©e on nous fait les mÃªmes promesses, les mÃªmes annonces :""EA a Ã©coutÃ© les joueurs"" ""Le mode carriÃ¨re totalement repensÃ© et pleins de nouveautÃ©""...Et au final... on se retrouve dans lequel rien n'Ã©volue hormis les maillots et les compositions d'Ã©quipe...Merci EA PLAY d'avoir permis de tester ce jeu 10h et dissuader ainsi de l'achat d'une telle purge...Il n'y a plus aucun fun Ã  jouer Ã  FIFA... le jeu Ã  perdu des licences et demeure sur ce point moins complet que Fifa 16...l'Ã¢me du jeu s'est envolÃ© jusque dans les menus moche et pas pratique du jeu.Je ne parlerais pas des scripts... des bugs que l'on peut rencontrer... L'absence de concurrence sÃ©rieuse Ã  vraiment justifiÃ© Ã  EA que l'on pouvait nous prendre pour des jambons. FUYEZ remettez FIFA 15 dans la console, vous vous amuserez plus !",1,PostÃ© le 29 sept. 2023 Ã  23:49,6,1
"Il faut Ãªtre clair. Il n'y a plus aujourd'hui de simulations de foot aujourd'hui. FC24 n'est pas un mauvais jeu dans l'absolu. Mais ce n'est pas une simulation de foot, tant le gameplay est trÃ¨s loin de faire ressentir (Ã  minima) les sensations d'un match de foot. Donc ceux qui apprÃ©cient une interprÃ©tation spectaculaire du foot, Ã©normÃ©ment de contenus et un joli habillage allez-y. Pour les autres oubliez FC24.",8,PostÃ© le 03 oct. 2023 Ã  10:47,5,1
"Un 04/20 pour le mÃªme nombre de mots qui rÃ©sume ce Ea Sports Fc 24 "" de la grosse merde "", le pire fifa de tout les temps. Ce jeu est une insulte aux football. Un 04/20 pour les graphismes toujours aussi bons et les quelques nouvelles cinÃ©matiques. Le reste mÃ©rite 0",4,PostÃ© le 29 sept. 2023 Ã  16:51,6,2
Belle blague je les eu gratuitement rÃ©sultat mon pote et devenu mon ennemi je vous dÃ©conseille cette blague c'est vraiment le pire jeu de foot ne l'achetez pas c'est vraiment une honte les bug a chaque fois je suis devant les cage mon joueur ne tire pas s'arrÃªte de bougez c'est vraiment un sketch,0,PostÃ© le 03 oct. 2023 Ã  11:54,21,0
"EA qui comme d'habitude s'engraisse avec les pigeons mais le jeu est de pire en pire. Une Caaataaastrophe ""Simulation"" de football lol.Vivement qu'un concurrent vienne s'immiscer dans la lutte ! C'est pas prÃ¨s d'arriver malheureusement !",0,PostÃ© le 29 sept. 2023 Ã  19:06,17,0
"Jâ€™ai crÃ©Ã© un compte exprÃ¨s pour pouvoir dÃ©verser ma haine pour ce jeu ğŸ˜‚ğŸ˜‚Le site donne 16/20, lÃ  y a un gros problÃ¨me dâ€™intÃ©gritÃ© ! Comment peut-on donner une note pareille ? Câ€™est du foutage de gueule ! Honte Ã  vous qui induisez en erreur vos lecteurs !Ce jeu est une bouse complÃ¨te ! DÃ©fense ingÃ©rable, inaccessible pour un joueur casual ! Que des tryharder injouable qui dribblent dans tous les sens sans aucune construction. Une parodie de football avec des scores de hand ball ! Jâ€™avais pas rejouÃ© depuis le Fifa18 et je me suis rappelÃ© pourquoiâ€¦Je lâ€™ai eu dans le pack PS5 sinon jâ€™aurai jamais achetÃ© cette merde !",0,PostÃ© le 14 mars Ã  00:35,4,1
"Bien content de ne plus acheter ce jeu depuis fifa 21. J'ai tout de mÃªme l'occasion d'y jouer lorsque mon neveu vient chez moi, je lui fais quelque matchs FUT lorsqu'il a besoin de gagner... mais qu'est que c'est nul franchement.J'Ã©tais un puriste de PES et je suis passÃ© sur fifa en 2010 justement parce que le 1er devenais bcp trop arcade alors que fifa proposait une possession de balle bien plus rÃ©aliste, des course solitaires en dribbles difficile Ã  rÃ©alisÃ© etc... Aujourd'hui on a que des scores fleuve, tu peux mener 5-0 Ã  la mt et perdre 7 a 8.Les dÃ©fenses sont si nuls et tjrs mal placÃ© et qd bien meme on se positionne bien le script fais que votre joueur donne la sensation de glisser sur le terrain et n'intercepte pas la balle sauf s'il est largement meilleur que les joueurs en face ou la c'est le contraire et rÃ©cupÃ¨re des balles mÃªme dans une direction que vous n'avez pas choisi.Les gestes techniques a tout va qui n'ont jamais d'Ã©chec, Ã  croire qu'on peut enchaÃ®ner 8-9 geste les plus fou sans jamais perdre le contrÃ´le du ballon ni se fatiguer, on se croirait plus dans FifaStreet.Globalement le jeu est joli mÃªme si c'est tjrs les mÃªmes graphismes certaines animations sont bien faite mais qu'est qu'on s'en fou... on veut du vrai gameplay, des matchs on l'on cherche des solutions par des passe ou des dribbles risquer mais qui demande bien plus de maÃ®trise et de timing que de simplement tourner le joystick droit dans tous les sens.  Bref ce jeu plaÃ®t au plus jeunes parce qu'ils jouent avec leurs idoles, et fantasme sur leurs Ã©quipe composÃ© des meilleurs joueurs.. mais depuis l'arrivÃ© du mode FUT grosse pompe Ã  fric ce jeu est simplement mauvais. Les annÃ©es en saison simple Ã©tait bien meilleur il me manquais que dÃ¨s match type LDC ou d'autre challenge plus prenant.  Le mode club pro Ã©tait le seul qui me tenais sur ce jeu de 2014 Ã  2021 et il a tjrs Ã©tÃ© laissÃ© de cÃ´tÃ©, une progression nuls des joueurs qui atteignent tous 98 et cours partout sur le terrain sans respect de leur poste qui ne les fatigue a peine. Bref un copier coller encore une fois avec des ajouts nuls et sans fond,  comme des bandes sonores ou des tifo a n'en plus voir les supporters. Je suis pas Fan de l'ajout des joueuses fÃ©minines mais c'est pas trÃ¨s important Ã§a ne m'aurais pas empÃªcher d'y jouer si le jeu avait Ã©tÃ© bon. Faut vraiment que les gens arrÃªte de l'acheter et de dÃ©penser de l'argent dans FUT qu'ils puissent se remettre en question. J'ai testÃ© E-Football et si c'est bcp plus dur de passer des dribble le jeu m'avais l'air bien scripter aussi et relativement pauvre en gameplay. 0 concurrence c'est dommage qu'on puisse pas enfin reprendre du plaisir dans un jeu de foot sÃ©rieux.",1,PostÃ© le 02 oct. 2023 Ã  23:10,4,1
"EssayÃ© sur EAplay , j'ai Ã©conomisÃ© 70â‚¬,bugs,menu,gameplay,mode carriÃ¨re ,tout est moins bien que FIFA 23passez votre chemin si vous recherchez a prendre du plaisir de jeux sur le rectangle vert ,car la c'est l'ennuie le plus total",2,PostÃ© le 02 oct. 2023 Ã  11:01,4,1
Allez je mets 2 pour les graphismes parce que c'est quand mÃªme joli.Sinon gameplay Ã  chier on prend aucun plaisir Ã  jouer et j'ai l'impression que c'est de pire en pire. Depuis FIFA 13 et 14 j'ai l'impression que cette licence est finie.Cette annÃ©e j'ai eu la curiositÃ© d'aller voir le mode FUT mais faut encore raquer pour jouer ou level up c'est un scandale,2,PostÃ© le 01 oct. 2023 Ã  09:07,4,1
"Je joue Ã  la play depuis 26ans. Ce jeu est le premier que j'ai vraiment eu envie de vendre, dommage je l'ai achetÃ© sur le store. Y'a deux fifa que j'ai pas prit sur les 20 derniÃ¨res annÃ©es, celui lÃ  me fait arrÃªter. J'espÃ¨re que le flambeau sera reprit par des dÃ©veloppeurs qui aiment plus le foot que les jeux de cartes Ã  payer, sinon c'est mon dernier jeu de foot.",0,PostÃ© le 10 dÃ©c. 2023 Ã  19:03,2,0
"Si l'on pouvait mettre moins de 0/20, j'aurais mis -40.Je vais donner mon avis trÃ¨s franchement, cette ANNEE le jeu est une horreur sans nom :le script, les lags, les contres favorables, l'ARBITRAGE (INCROYABLEMENT A CHIER cest du nimporte quoi)depuis fifa 12 tu n'as qu'a appuyer sur l1+triangle a travers tout le terrain et a enrouler a 46metres pour mettre un butLe jeu est injouable, si vous ne regardez pas 4123 tutos sur tiktoks ou youtube, pour apprendre les 10 TECHNIQUES LES PLUS BROKEN de cette annÃ©e, le jeu est une HORREUR SANS NOM, tous les ans je perds 40â‚¬ Ã  l'acheter je joue 1 mois et je suis degouter pendant 11... on est en novembre je pete mon cranePour resumer le jeu EST HORRIBLE.... (je joue exclusivement en club pro*)A fuir, GO BOYCOTT",0,PostÃ© le 06 nov. 2023 Ã  16:16,2,0
"Je ne sais mÃªme pas par oÃ¹ commencer.. ce jeu se dÃ©grade d'annÃ©e en annÃ©e au regard de ses bugs rÃ©curent tantÃ´t dans le gameplay que dans le menu. Quand on joue on a littÃ©ralement peur qu'un bug se produise et nous fait encaisser un but : joueur qui ralentit sans raison, joueur qui ne rÃ©agit pas, le gardien qui saute Ã  l'envers, joueur qu'on ne peut pas sÃ©lectionner (oui l'algorythme pour la sÃ©lection des joueurs est un vÃ©ritable fiasco) etc la liste est trÃ¨s longue. Cela nuit fortement Ã  l'expÃ©rience de jeu d'autant plus que des bugsdu type : menu ultimate team qui ne charge plus, score board qui bug et affiche un mauvais score ou disparait etc rendent ce jeu baclÃ©. Alors oui il y a des points positifs comme l'excellent graphisme visuel, la multitude de mode de jeu etc mais d'un point de vue gÃ©nÃ©ral ce jeu n'est plus ce qu'il Ã©tait avant 2018",1,PostÃ© le 22 oct. 2023 Ã  14:32,2,0
"Ã‰tant un grand fan de la franchise, cet annÃ©e je me suis posÃ© la question Ã  savoir si je jouais vraiment Ã  FIFA ( EA sport FC 24). Câ€™est le pire Fifa que jâ€™ai eu Ã  jouer Ã©tant un adepte de ce jeu depuis 2012. Aucune sensation, aucun plaisir, aucun rÃ©alisme dans le gameplay. Ã‡a ressemble plus Ã  un jeu de tenis quâ€™Ã  un jeu de foot. Je regrette mÃªme dâ€™avoir acheter cet Opus, tellement on ne ressent plus lâ€™ADN de FIFA",1,PostÃ© le 20 oct. 2023 Ã  11:05,2,0
"1 unique point pour la quantitÃ© des Ã©quipes presentent sur le jeu.Le reste du jeu est un scandale sans nom.Pompe Ã  fric depuis des annÃ©es, le gameplay est de pire en pire depuis 10 ans. Le script omniprÃ©sent dans tous les matchs, les contre favorables, la vitesse des joueurs nâ€™est pas respectÃ©e par rapport a ce que le jeu dit (un dÃ©fenseur de 65 de vitesse peut etre plus rapide quâ€™un attaquant ayant 90 â€¦ bref incomprÃ©hensible ce jeu). Et le clou du suspens, les courses R1 et les gardiens sont catastrophiques pour le bon dÃ©roulement du jeu. Trop de bugs sont prÃ©sents sur le jeu depuis des annÃ©es et rien nâ€™a ete fait pour corriger cela. Â«Â Le jeu de football le plus rÃ©alisteÂ Â» disent-ilsâ€¦Je prenais plus de plaisir Ã  jouer Ã  Fifa 98 sur PS1.Bref, amateur de football, fuyez le jeu. Ã‰conomisez 50â‚¬ pour aller voir un vrai match de foot.",1,PostÃ© le 17 oct. 2023 Ã  16:46,2,0
"Un jeu d'arcade avec des joueurs trop rapide et des fonctionnalitÃ©s de gameplay, relatives au contrÃ´le des joueurs Ã  l'arrÃªt, absent par rapport Ã  Fifa 23. Des cinÃ©matique d'ouverture ridicule, sans les compositions d'Ã©quipe, complÃ¨tement dÃ©connectÃ© de la rÃ©alitÃ© !Les matches de hautes intensitÃ©s sont de vÃ©ritables foutouard, du fait que les joueurs n'ont pas rÃ©ellement la possession d'un ballon trop versatile ! Pas de stabilitÃ© dans la tenue du ballon ! C'est vraiment du grand n'importe quoi !La seule chose que explique les bons rÃ©sultats de vente de cette bouse, c'est que EA est seul sur son marchÃ©, sans rÃ©elle concurrence sÃ©rieuse.Il aurait simplement fallut qu'EA reprenne Fifa 23 et le rÃ©actualise avec effectif, maillot et chaussures pour la nouvelle saison. Au lieu de prendre Fifa 23 et de le dÃ©tÃ©riorer.Un mot pour qualifier ce nouvel opus : Ã‰CÅ’URANT.",1,PostÃ© le 12 oct. 2023 Ã  17:43,2,0
"DÃ©finition parfaite du pay to win comme dâ€™habitude. Plus aucun plaisir Ã  jouer au mode fut. Ajout des fÃ©minines dans fut, logique, plus de cartes donc plus de variantes donc plus de packs et donc plus de tunes, on connaÃ®t la recette!Avoir des gardiens Ã  plus de 80 de global qui ont le niveau de U15 district 4 mais normalâ€¦Comme dâ€™habitude pas dâ€™amÃ©lioration, ea nâ€™apprend toujours pas de ses erreurs, dommageâ€¦ vivement un conÃ§urent Ã  la hauteur!",1,PostÃ© le 11 oct. 2023 Ã  18:59,2,0
"horrible jeu, plus d'hymne de la ldc on a au lieu de Ã§a un gros cadre d'objectif dont personne en a quelque chose a faire, plus de cinÃ©matique d'entrÃ©e des joueurs, public horriblement mal fait aucun progrÃ¨s depuis des annÃ©es, les nombreuses catastrophes qui se produisent entre les joueurs (comme a chaque fifa) du style les joueurs qui se rentrent dedans et qui ne tiennent jamais debout, les buts gags qui arrivent quasiment a tout les match, les niveaux de difficultÃ©s en mode carriÃ¨re qui sont complÃ©ment Ã©clatÃ© ( en pro c'est des aveugles en face, et la difficultÃ© au dessus qui est ""champions"" c'est un injouable) impossibilitÃ© de changer la langue des commentaire en match (gros coup dur pour le rÃ©alisme) et j'en passe... bref ce jeu est une Ã©norme blague, chaque annÃ©e c'est de pire en pire, bref ""FC24"" est largement moins bien que FIFA 15 et c'est une honte absolue, ne gaspillez pas votre argent dans cette daube.",1,PostÃ© le 10 oct. 2023 Ã  03:29,2,0
"Est ce que ce jeu mÃ©rite 0-20??? Nonâ€¦ il en mÃ©riterais plutÃ´t 7/20! Câ€™est une Ã©norme bouze comme tout les FIFA depuis des annÃ©es. Mais EA est capable chaque annÃ©e de nous Ã©tonner toujours un peu plus! Et de prouver que :1 - Ils se foutent totalement de la gueule de leur client!2 - Quâ€™ils ne comprennent absolument rien au football!3 - Voyant les gens jouer toujours plus Ã  FÃ›T et Ã  mettre toujours plus dâ€™argent dans un pack opening, se disent que leur clientÃ¨le est dÃ©finitivement lobotomisÃ© et que par consÃ©quent il nâ€™y avait aucune raison de ne pas continuer Ã  se payer leurs tronches!Les gros dÃ©fauts de ce jeu :- Vitesse de jeu beaucoup beaucoup beaucoup beaucoup trop rapide!- TOUT EST ASSISTÃ‰!!! (Pressing, passe en profondeur, blocs) un vÃ©ritable bonheur pour les joueur META (tout ceux qui ont appris le foot via FUT et qui nâ€™y comprennent rien!) Un enfer pour ceux qui essaie un tant soit peu de jouer au foot!- OPEN BAR AU NIVEAU DU SCRIPT!- Lâ€™IA!!!! Jâ€™entends trÃ¨s souvent des joueurs se rÃ©jouir des nouveautÃ©s du mode carriÃ¨re! Mais je ne comprend pas comment on peut se bâ€¦.. devant 3 cinÃ©matique pour le mode carriÃ¨re, et en oubliez lâ€™essence du jeu! Le Gamplay!!! Et avec une IA pareil, câ€™est tout simplement nul Ã  chier!!!A quoi bon avoir les logo des championnats et des Ã©quipes, lâ€™affichage officiel du championnat avec les maillots et les stades, si câ€™est pour avoir lâ€™impression de jouer contre une IA totalement debile et en mÃªme temps complÃ¨tement cheater!QualitÃ©s : Des super musiques comme trÃ¨s souvent! Mais Ã  70â‚¬ la playlist, je vous conseil un abonnement Spotify ou Deezer!Dernier carton rouge adressÃ© au Â« journaliste Â» de jeuxvideo.com qui a rÃ©alisÃ© la critique de ce FC24!Le chÃ¨que venu dâ€™EA devait Ãªtre assez consÃ©quent pour avoir le culot de mettre 16/20 Ã  cette bouze!Donc Cher Monsieur, de 2 choses lâ€™une, soit vous vous Ãªtes fait acheter par EA et vous nâ€™avez rien Ã  faire en tant que journaliste, soit vous trouvez que ce jeu est rÃ©ellement bien, et a ce moment lÃ , vous avez un problÃ¨me psychatrique et nâ€™avez rien Ã  faire lÃ  non plus!Bref que ce soit Jeuxvideo.com ou EA, comment arrivez Ã  vous regardez dans la glace le matin?",0,PostÃ© le 10 oct. 2023 Ã  00:08,2,0
"Dire que certains payent 100 â‚¬ pour le dernier jeu fifa actif  mais qui sont les pigeons qui payent Ã§a 100 balles ğŸ˜‚ğŸ˜‚ğŸ˜‚. C'est le jeu de foot le plus mÃ©diocre auquel je n'ai jamais jouÃ© de ma vie. C'est une catastrophe de gameplay, Ã§a en devient lunaire.Des gardiens en pÃ¢te Ã  modeler, des joueurs patineurs artistiques qui tombent toutes les 5 minutes. Un affichage de menu horrible...Bref j'ai payÃ© l'abonnement EA play sur un mois Ã  0.99  cents d'â‚¬ pour tester le jeu 10h sans avoir Ã  le payer en entier et quelle bonne idÃ©e de la part de EA que cet abonnement !! Ã‡a confirme toute la mÃ©diocritÃ© de leur dernier joujou qui ne vaut mÃªme pas 20 â‚¬ tellement c'est claquÃ© au sol.Sur mes 10 heures de jeu j'ai encore 7h restantes et je comprends pourquoi, il est terriblement nullissime. Je suis impressionnÃ© par autant de nullitÃ©...Ils n'ont pas perdu que la licence avec cet opus, ils ont perdu aussi des joueurs. Car il ne reste plus que les plus grosses dindes parmi les amateurs ou mordus de foot pour encore payer pour cette arnaque grandeur nature, que dis-je pour cette arnaque mondiale...",0,PostÃ© le 06 oct. 2023 Ã  19:06,2,0
"Je pense a fc 24 chaque fois que je m'assoie depuis le 29 septembre, des attaquants surpuissants mais des dÃ©fenseurs et des gardiens nul Ã  chier rendant le jeu complÃ¨tement dÃ©sÃ©quilibrÃ© donnant des scores de 7-3 ou 8-4 par exemple. Un manque de rÃ©alisme total.",0,PostÃ© le 06 oct. 2023 Ã  14:28,2,0
Belle blague je les eu gratuitement rÃ©sultat mon pote et devenu mon ennemi je vous dÃ©conseille cette blague c'est vraiment le pire jeu de foot ne l'achetez pas c'est vraiment une honte les bug a chaque fois je suis devant les cage mon joueur ne tire pas s'arrÃªte de bougez c'est vraiment un sketch,0,PostÃ© le 03 oct. 2023 Ã  11:54,21,0
"EA qui comme d'habitude s'engraisse avec les pigeons mais le jeu est de pire en pire. Une Caaataaastrophe ""Simulation"" de football lol.Vivement qu'un concurrent vienne s'immiscer dans la lutte ! C'est pas prÃ¨s d'arriver malheureusement !",0,PostÃ© le 29 sept. 2023 Ã  19:06,17,0
"Le pire ""Fifa"" de l'histoire. Sur UT la defense est catastrophique, ils ont essayer de tenter quelque chose mais ce n'est clairement pas au point. A se demander si ils ont rÃ©ellement eu le temps de finir le jeu oÃ¹ s'ils ont balancÃ© ca comme ca dans l'objectif d'amÃ©liorer avec les MAJ.L'attaque est encore une fois et plus que jamais favorisÃ©e. Le vrai football est mort dans les jeux videos. Je regrette dd l'avoir achetÃ©. Ce sera le dernier que j'achÃ¨te si cette merde ne s'amÃ©liore pas.",0,PostÃ© le 03 oct. 2023 Ã  21:00,2,0
"Jâ€™ai revendu le jeu au bout de 3 jours.Le gameplay est catastrophique. Le rÃ©alisme inexistant (score de tennis, buts improbables, erreurs grossiÃ¨res). La liste des problÃ¨mes est longue. Tout est Ã  revoir. Je nâ€™ai pas du tout aimÃ© fifa 23 sur xbox one mais je peux vous dire que fifa 22 et fifa 21 sur xbox one Ã©tait meilleurs. Une lente rÃ©gression vers ce quâ€™il y a de pire chez EA ?",2,PostÃ© le 08 oct. 2023 Ã  19:30,3,1
"'Jeu mal Ã©quilibrÃ© :'Je n'avais plus jouÃ© Ã  un FIFA depuis 4 ou 5 ans, je me suis donc laissÃ© tentÃ© par ce EA FC 24.Sur le mode Solo, rien Ã  dire, tout ce qu'on attends du jeu est bien lÃ , j'ai commencÃ© une carriÃ¨re d'entraineur et pour l'instant l'espÃ©rience est agrÃ©able.Le problÃ¨me vient du multi et du gameplay.2 Ã©normes problÃ¨mes se pose, le premier est au niveau gameplay.Un style de jeu est beaucoup trop fort par rapport aux autres, il sagit de la contre attaque, si vous ne jouez pas comme Ã§a, impossible de gagner, le jeu de possession est complÃ©tement inutile, il y a clairement un problÃ¨me d'Ã©quilibrage dans ce jeu.Le 2 Ã¨me gros problÃ¨me est le mode en ligne, j'ai enchainÃ© 18 dÃ©faites sur FUT avant de gagner mon premier match, le jeu ne prends pas en compte le niveau des joueurs et lance des matchs au hasard, il est donc facile de ne tomber que sur des joueurs beaucoup trop fort pour nous, surtout quand on achÃ¨te le jeu day one, on en tombe que sur des brutes, c'est dÃ©courageant.Incroyable qu'il n'y ai pas de systÃ¨me d'Ã©lo en 2023. Alors oui quand les forts joueurs auront atteint des divisions Ã©levÃ©s Ã§a sera plus jouable mais attendant l'expÃ©rience utilisateur est catastrophique.Dernier point nÃ©gatif concernant l'ajout des femmes sur FUT. Je ne vais pas trop en dire mais Ã§a ruine un peu le rÃ©alisme.",9,PostÃ© le 01 oct. 2023 Ã  17:36,3,1
jeu tres limitÃ©gameplay pauvre dure de passer de fifa23 Ã  ca pourtant le 23 etait pas fou mais la clairement une catale pire jeu de tout les temps et de loin bon le point possitif c'est que saison pro ils peuvent pas faire pire,5,PostÃ© le 13 oct. 2023 Ã  16:51,2,1
"Le pire jeu football de cette planÃ¨te, le temps additionnel interminable ou lâ€™arbitrage ne siffle jamais ou encore le faite quâ€™il est impossible de dÃ©gager en touche mÃªme pleine puissance, beaucoup de bug Seul point positif la Direction artistique est belle",3,PostÃ© le 20 avr. Ã  17:48,1,0
Le jeu existe encore car il n'y a pas de concurrence..  le mode ultimate team est une catastrophe. Le script une honte. Et tout les pack que l'on gagne devenu non Ã©changeable. Ils font tout pour nous obliger a mettre de l'argent pour pouvoir espÃ©rer avoir des joueurs.,1,PostÃ© le 18 avr. Ã  17:12,1,0
Pire fifa de tout les temps surtout le mode fut horrible les gens on dÃ©jÃ  des Ã©quipe a 90 au milieu de jeu des bugs de partout mÃªme dans les menues dans le jeu on en parle mÃªme pas le gameplay horrible de fou lâ€™acheter pas vous allez juste rage,0,PostÃ© le 09 avr. Ã  06:32,1,0
"Le pire 'FIFA' de l'histoire et probablement le pire jeu de football de l'histoire.AprÃ¨s des annÃ©es et des annÃ©es de jouer sur FIFA, je crois que cette annÃ©e sera la derniÃ¨re que j'achÃ¨te ce jeu.J'espÃ¨re bien qu'il y aura un autre jeu pour de la concurence, espÃ©rant Ã©galement le retour de KONAM",0,PostÃ© le 13 mars Ã  11:58,1,0
VoilÃ  un jeu de football qui ne ressemble en rien Ã  du football ! L'amusement n'y est pas depuis des annÃ©es et ce nouvel opus est le pire ! AssurÃ©ment un grand n'importe quoi,0,PostÃ© le 11 mars Ã  20:23,1,0
"Le jeux est vraiment Ã  revoir , câ€™est vraiment une honte , câ€™est le jeux le plus beugÃ© de la new gÃ©nÃ©ration, il faut le relancer tout les 5min parce que il freez, le serveur sont toujours pleins du coup impossible de connecter la moitiÃ© du temps , et il te font payer cette daube 80â‚¬ ?, je sais mais pas comment il nâ€™on pas honte dâ€™avoir oser sortir le jeux , mais bon il toujours du fric donc il sâ€™en fiche , mais sa va leurs retomber dessus un de ces jours câ€™est dommage pour eux",5,PostÃ© le 06 mars Ã  22:26,1,0
"UN 0/20 BIEN MÃ‰RITÃ‰ ! Parce que jâ€™aime trop ce sport quâ€™est le football et que ce jeu ressemble a tout sauf Ã  ce sport que jâ€™aime tant ! Parce que jâ€™ai mis 79â‚¬ dans un jeu qui nâ€™est mÃªme pas finitâ€¦. Nous sommes en Mars et câ€™est la premiÃ¨re que je dÃ©sinstalle un Fifa aussi tÃ´t dans lâ€™annÃ©e. Câ€™est tout simplement le pire Fifa jamais sortie et je sais de quoi je parle je suis un adepte depuis le 2004. Le jeu est tout simplement horrible ! Parlons de cette impression que vos joueurs patine ! Comment EA peut voir Ã§a et sortir le jeu sans jamais corrigÃ© cette horreur, les joueurs glisse littÃ©ralement sur le terrain. Les animations complÃ¨tement irrÃ©aliste, une jambe qui passe a travers lâ€™autre, essayÃ© en contrÃ´lant Messi de faire des gauche droite avec votre joystick gauche vous allez voir que le gars est littÃ©ralement assis ! COMMENT EST-CE POSSIBLE !? Le GAMEPLAY problÃ¨me majeur de ce EAFC24 â€¦Le pire tout fifa confondu, mais bon pas grave les cheveux des joueurs bouge, et les lacets des chaussures aussi. Lâ€™intelligence artificielleâ€¦ Câ€™est tout simplement impossible de jouer dans lâ€™axe, les dÃ©placements sans ballon sont nul, aucun joueurs qui vient chercher le ballon dans lâ€™axe, le BU qui se cache derriÃ¨re les dÃ©fenseurs adverses, quand vous avez le ballon au milieu de terrain vos dÃ©fenseurs qui vous fonce dessus.. MON DIEU. Le moteur graphique FROSBITE est complÃ¨tement cassÃ©, tant quâ€™EA continuera de travailler avec on se coltinera le mÃªme jeu merdique pendant des annÃ©es. Ã‰tant fan du mode carriÃ¨re (malgrÃ© le manque de nouveautÃ©s Ã  travers les annÃ©es) je suis force de constater quâ€™il nâ€™y a zÃ©ro nouveautÃ© intÃ©ressante. EA a quand mÃªme cette annÃ©e retirer lâ€™une des seules choses immersive.. Lâ€™entrÃ©e avec lâ€™affichage des compos etc â€¦ Ils ont pensÃ© que ce serait une bonne idÃ©e de le retirer, les gars rÃ©flÃ©chisse Ã  lâ€™envers. Il y surement dâ€™autres chose que jâ€™oublie. Mais ce jeu et ses dÃ©veloppeurs ne mÃ©rite mÃªme pas un 1 ou 2, je vois certaines personnes dire Â«Â Je met une bonne note pour remonter un peu la note globale du jeuÂ Â» Câ€™est a cause de ce genre de rÃ©action quâ€™on paye pour pour un jeu merdique depuis tant dâ€™annÃ©es, quâ€™EA nous sorte le mÃªme jeu horrible depuis Fifa 18. Vous vous rendez compte que le dernier vrai bon date dâ€™il y a 7 ansâ€¦UNE HONTE 0/20",0,PostÃ© le 02 mars Ã  02:52,1,0
"Alors, que dire, que dire....Adepte de la licence pc depuis Fifa 15, j'ai toujours Ã©tÃ© un fidÃ¨le joueur, achetant chaque annÃ©e le nouvel opus.Cela a aussi Ã©tÃ© le cas pour le 24, sauf que lÃ , problÃ¨me. DÃ©jÃ  depuis le 23, j'avais quelques problÃ¨mes au niveau du lancement du jeu, m'obligeant quasi systÃ©matiquement Ã  dÃ©sinstaller ou Ã  bidouiller leur systÃ¨me anti-triche Ã  la c*n, mais j'arrivais tout de mÃªme Ã  jouer sans problÃ¨mes. Arrive le 24, je met 60 euros pour y jouer : 15h...En effet, au mois d'octobre arrive une maj aprÃ¨s laquelle je n'ai plus jamais pu lancer mon jeu. Me rappelant les problÃ¨mes de son prÃ©dÃ©cesseur, je vais sur des forums pour me renseigner, je m'aperÃ§ois alors que d'autres joueurs ont le mÃªme problÃ¨me que moi : l'anti-cheat se lance, Ã©cran noir, puis le jeu se ferme.  Plusieurs solutions Ã©mergent, mais concrÃ¨tement aucune ne marche. AprÃ¨s avoir tout mais TOUT essayÃ© je me rÃ©signe Ã  attendre une nouvelle maj qui pourrait rÃ©gler le problÃ¨me. Ahah mais quelle rÃ©activitÃ© d'EA !!Un problÃ¨me datant du mois d'octobre, nous sommes bientÃ´t au mois de mars, aucun mais AUCUN effort n'a Ã©tÃ© fait, que Ã§a soit au niveau d'une maj ou mÃªme d'une simple rÃ©ponse du service client parfaitement inutile. EA s'en fout de ses joueurs pc qui doivent se dÃ©brouiller par eux-mÃªmes pour lancer un jeu qu'ils ont payÃ© 60 balles. AprÃ¨s quasiment 10 ans de fidÃ©litÃ©, EA viennent de perdre un client.Conclusion: 60 euros dÃ©boursÃ©s pour 15h de jeu, et bien sÃ»r, impossibilitÃ© de remboursement.C'est vraiment dÃ©gueulasse de prendre Ã  ce point les clients pour de la m*rde.",0,PostÃ© le 29 fÃ©vr. Ã  15:57,1,0
"Je poste aprÃ¨s 27h de jeu, je l'ai achetÃ© y a peut-Ãªtre 1 mois...""Heureusement"" je l'ai achetÃ© ""que"" 25 â‚¬, mÃªme si c'est 20 â‚¬ de trop.Je joue principalement en carriÃ¨re joueur et j'ai toujours eu cette impression qu'EA doivent supprimer des choses pour les remplacer par d'autres choses qui Ã©taient dÃ©jÃ  lÃ  y a genre 10 ans.Ils peaufinent vite fait pour faire genre c'est nouveau et basta.Pourquoi je ne peux pas partir en prÃªt ?Pourquoi les bandes chevilles ont Ã©tÃ© enlevÃ©s ?Pourquoi les entrÃ©es aussi ?Pourquoi mes coÃ©quipiers me bouchent le chemin ?Pourquoi mon poste n'est jamais respectÃ© quand je change de club ?Je suis le seul Ã  pas trop kiffer le nouveau systÃ¨me avec un agent ?C'Ã©tait bien d'Ãªtre approchÃ© par diffÃ©rents club et faire son choix, lÃ  en fait on choisit comme on veut, du moment qu'on remplie les objectifs...Et pourquoi j'ai pas droit Ã  une cinÃ©matique moi en tant que joueur ?J'ai aussi envie de voir la tronche de mon agent en cinÃ©matique + voir mon pro et la signature du contrat... J'ai peut-Ãªtre envie de nÃ©gocier ma durÃ©e de contrat ou mon salaire.J'ai peut-Ãªtre envie aussi de me plaindre de mon salaire durant la saison comme l'on fait les joueurs quand on fait une carriÃ¨re manager.Pourquoi c'est rÃ©servÃ© Ã  la carriÃ¨re manager ? Et le nouveau systÃ¨me de personnalitÃ© avec les points inutiles, j'ai l'impression que Ã§a a aucun impact lors d'un match.Je vais pas parler du mode FUT oÃ¹ ils ont osÃ© foutre des hommes et des femmes mÃ©langÃ©s et nous faire croire qu'une Alana Cook fout un coup d'Ã©paule Ã  Haaland... Faut pas dÃ©conner quand mÃªme.En fait, on dirait une version BETA oÃ¹ EA fourrent tout et on verra par la suite.Pour le FC25 :Ils vont rajouter l'option prÃªt avec option d'achat mais en amÃ©liorer pour faire passer la pilule puis Ã©ventuellement remettre les bandes chevilles et Ã  la place des entrÃ©es, ils vont nous sortir un nouveau geste technique inutile.Peut-Ãªtre une Ã©niÃ¨me cinÃ©matique inutile.",4,PostÃ© le 28 fÃ©vr. Ã  23:18,1,0
"Terrible.Que des bugs.Injouable.Plateforme d'Ã©change dÃ©sagrÃ©able, aucune constructiveJe rajoute des caractÃ¨res pour que l'avis soit assez long mais il n'y a rien Ã  ajouter",0,PostÃ© le 25 fÃ©vr. Ã  15:34,1,0
"Le plus mauvais jeu de sport qui m'ait Ã©tÃ© de jouer.2 points pour le contenu et le visuel gÃ©nÃ©ral qui est assez bon. Parlons du gameplay, il n'existe pas il est rÃ©gi par des scripts, mÃªme contre l'IA. Quand on a le ballon c'est assez plaisant mais lorsqu'il faut dÃ©fendre c'est n'importe quoi, les joueurs glissent, tacle Ã  cÃ´tÃ© se font prendre de vitesse perdent tous les contres et n'ont aucune rÃ©activitÃ©. C'est une galÃ¨re, la physique est complÃ¨tement buggÃ©, ce qui prouve un manque complet de compÃ©tences chez les codeurs ou alors aucune connaissance de ce sport chez les dÃ©veloppeurs. Pour finir un sport si important et qui s'adapte parfaitement au jeux vidÃ©o est monopolisÃ© malheureusement par une sociÃ©tÃ© qui ne le respecte pas c'est lamentable.",2,PostÃ© le 23 fÃ©vr. Ã  19:49,1,0
Belle blague je les eu gratuitement rÃ©sultat mon pote et devenu mon ennemi je vous dÃ©conseille cette blague c'est vraiment le pire jeu de foot ne l'achetez pas c'est vraiment une honte les bug a chaque fois je suis devant les cage mon joueur ne tire pas s'arrÃªte de bougez c'est vraiment un sketch,0,PostÃ© le 03 oct. 2023 Ã  11:54,21,0
"EA qui comme d'habitude s'engraisse avec les pigeons mais le jeu est de pire en pire. Une Caaataaastrophe ""Simulation"" de football lol.Vivement qu'un concurrent vienne s'immiscer dans la lutte ! C'est pas prÃ¨s d'arriver malheureusement !",0,PostÃ© le 29 sept. 2023 Ã  19:06,17,0
"Il faut dÃ©tester le football pour aimer ce navet ! INJOUABLE ! Ce titre est tout simplement grotesque ! Avec un produit comme celui-lÃ , EA Sports se moque clairement des joueurs ! Jeu desinstallÃ©, Ã  vendre...Cette fois, EA et moi c'est bel et bien terminÃ© ! Boycott total ğŸ‘",0,PostÃ© le 13 fÃ©vr. Ã  04:33,1,0
"WORST GAME EVER EVER EVER CLUB PRO NOTHING IS WORKING BOTS ARE JUST A JOKEFUT BULSHIT AGAIN , BROKEN CARDS , BROKEN REWARDSTRANSFERT MARKET FREEZING JUST DELETE THIS GAME",0,PostÃ© le 28 janv. Ã  22:09,1,0
Je sais mÃªme pas pourquoi jâ€™ai achetÃ© cette dope je le savais dÃ©jÃ  depuis 20 jâ€™achÃ¨te plus aucun fifa et mÃªme avant cette annÃ©e la jâ€™Ã©tais dÃ©Ã§u des autres 2017 / 2018 / 2019 bref jâ€™ai craquÃ© pour une bouze . HonnÃªtement en 2h vous avez fait le tour du jeu â€¦ circulez il y a rien Ã  voir,0,PostÃ© le 21 dÃ©c. 2023 Ã  09:33,1,0
"Fc24 est le pire de tous !!! J'ai jouer Ã  tout les fifa mais celui lÃ  est injouable ! J'ai jamais vue une dÃ©fense aussi merdique, des gardiens inexistant et tout c'est contre favorable alors que c'est impossible de voir va en vrai insupportable. J'ai jouer 20 match je suis dÃ©jÃ  Ã  bout ! N'achetez surtout pas le jeux cette annÃ©e !",0,PostÃ© le 13 dÃ©c. 2023 Ã  23:11,1,0
"Jouez Ã  EA FC 24, et jouez ensuite Ã  fifa 14. 10 fifa en dessous donc 10 jeux en dessous C'EST LE MÃŠME JEU !!! AUCUNE AMÃ‰LIORATION RIEN seul truc de meilleur dans EA FC c'est lÃ©gÃ¨rement les graphismes. On nous vend la mÃªme daube chaque annÃ©e c'est scandaleux et nous comme des pigeons on achÃ¨te, c'est l'annÃ©e de trop pour moi",0,PostÃ© le 07 dÃ©c. 2023 Ã  20:53,1,0
Injouable le mec prend le ballon impossible de lui prendre j'ai jamais vue 1 fifa aussi mal fait c'est pas du foot sa ya trop de chose pÃ©ter une simulation sa c'est 1 sketch le jeu tu te retourne encore et encore le ballon tu peut pas le prendre impossible double pressing se que tu veut les frappes c'est quand le jeu a dÃ©cidÃ© bref scrypter a fond plus cava plus c'est de la merde choquer du gameplay degeulasse,2,PostÃ© le 05 nov. 2023 Ã  02:47,1,0
"UNE CALAMITE !Un jeu catastrophique, beaucoup trop mÃ©ta et qui ne ressemble en rien Ã  du football !Si en plus vous rajoutez le script omniprÃ©sent lorsque vous jouez en ligne, vous obtenez l'arnaque du siÃ¨cle.Ce jeu est une fraude sans nom, EA ne se cache pas dans sa volontÃ© de prendre les gens pour des dÃ©biles.",0,PostÃ© le 03 nov. 2023 Ã  18:28,1,0
"De pire, en pire, en pire, en pire, comment câ€™est possible me diriez vous ?Et bien EA a la rÃ©ponse Ã  votre question !Je ne vais pas lister tous les problÃ¨mes de ce jeu car jâ€™en aurai pour des heures, je vais parler du plus gros problÃ¨me qui est le rÃ©Ã©quilibrage dans les matchs.De quel droit le jeu nous impose une variation du niveau de jeu de nos joueurs ?On gagne, nos joueurs deviennent nul puis on perd -> câ€™est gÃ©nial !Des bugs jamais corrigÃ©sâ€¦Pourquoi la conduite de balle de Messi Prime est accessible Ã  tout le monde ? ğŸ˜…Vous lâ€™aurez compris que ce jeu est naze.(Ps: je suis div Ã©lite et fait rang 1 Ã  fut champ)",0,PostÃ© le 03 nov. 2023 Ã  12:18,1,0
catastrophique comme Ã  son habitude. ce n'est pas une simulation mais bel et bien un jeu Arcade. Ã  quand un vrai jeu de foot ??????????????????????????,0,PostÃ© le 01 nov. 2023 Ã  19:44,1,0
"Une daube monumentale, pay too fast, pay to win bien trop prÃ©sent dans le jeu. La jouabilitÃ© horrible, on a l'impression de jouer Ã  un PES bÃªta... Et dites vous que le pire dans tous Ã§a, c'est que Ã§a va Ãªtre le FIFA le plus rentable de l'histoire puisqu'ils ne payent plus aucun droit Ã  la FIFA. UNE BELLE ARNAQUE PLANÃ‰TAIRE",0,PostÃ© le 01 nov. 2023 Ã  13:56,1,0
"De la dÃ©ception jâ€™hÃ©site Ã  retourner sur un ancien FIFA, surtout plus la petite music de la LDC avant les matchs ni compo des Ã©quipes, il parle de rÃ©alisme mais ils enlÃ¨vent le rÃ©alisme qui fait le dÃ©but dâ€™un match",10,PostÃ© le 28 oct. 2023 Ã  12:17,1,0
"Un mode solo dÃ©laissÃ© encore une fois, qui est littÃ©ralement le mÃªme que les (10?) derniÃ¨res annÃ©es, un Volta qui Ã©tait pourtant prometteur quelques annÃ©es auparavant et qui n'est dÃ©sormais plus qu'un mode dÃ©risoire, inutile, comblÃ© par des bots au vu du manque de joueurs.Tout a Ã©tÃ© misÃ© sur Ultimate Team qui est DE-SA-STREUX. Le matchmaking est dÃ©sormais inexistant, contrairement Ã  auparavant oÃ¹ le jeu vous faisait tomber contre des joueurs qui avaient une Ã©quipe au moins Ã  peu prÃ¨s Ã©quivalente. Vous ne faites que tomber contre des joueurs qui ont vendu leur Ã¢me au jeu, au moins 4 matchs sur 5 se font contre des joueurs qui ont payÃ© et ont des Ã©quipes prÃªtes a littÃ©ralement dÃ©molir la vÃ´tre. Le manque de joueur sur le jeu rend la possibilitÃ© de se faire des crÃ©dits compliquÃ© avec un marchÃ© trÃ¨s peu actif. Votre seule solution pour vous en sortir : payer.Le jeu manque cruellement de finition et de rÃ©alisme, le dribble est devenu bien trop puissant, les joueurs lourds Ã  manier, les gardiens ont une hitbox qui n'a pas de sens (qui est littÃ©ralement invisible). 60â‚¬ pour un jeu rempli de bugs en tout genre, avec des poteaux qui apparaissent en plein milieu du terrain et ne disparaissent pas de tout le match (bloquant ainsi la vision), des statistiques qui s'affichent en Ã©norme sur le terrain qui gÃªnent parfois Ã  la lecture du jeu (certaines qui plus est sont buggÃ©es et n'affichent que des carrÃ©s noirs), un menu trÃ¨s peu ergonomique avec des notifications inexistantes (obligÃ© de quitter le jeu et de revenir pour voir les notifications disparaÃ®tre), le jeu rend une copie bien pÃ¢le et fade qui ne justifie aucunement son achat par rapport Ã  son prÃ©dÃ©cesseur. TrÃ¨s mauvais investissement pour ma part, ne faites pas la mÃªme erreur. 60â‚¬ c'est dÃ©jÃ  Ã©norme pour ce que vend le jeu sans compter tout ce qu'il vous faudra verser en plus si vous voulez Ãªtre au niveau de vos adversaires.Le jeu reste bien sÃ»r le thÃ©Ã¢tre de l'anti-jeu et de l'humiliation une fois en ligne (ce qui ne change pas des autres annÃ©es)2 points tout de mÃªme car il reste fonctionnel techniquement, mais la dimension de Gatcha est beaucoup trop grande et les ""amÃ©liorations"" n'ajoutent rien au jeu, elles le font mÃªme rÃ©gresser. Un style de jeu Ã  bannir qui ne fait que vous pousser vers la consommation.",2,PostÃ© le 26 oct. 2023 Ã  01:57,1,0
"Je vais le revendre pour pouvoir acheter PES 2020 Ã  la place.Le Gameplay est Ã©pouvantable, la dÃ©fense complÃ¨tement inexistante, on pourrait presque marquer des buts de la tÃªte en Ã©tant allongÃ© sur la pelouse tellement la dÃ©fense et les gardiens sont nuls.",0,PostÃ© le 24 oct. 2023 Ã  22:41,1,0
On paye 70 balles pour ca serieux ! Ca nâ€™a strictement rien avoir avec du football ! Câ€™est du pay to win . Les gens mettent leurs argent pour avoir des bons joueurs et faire des tout droits . Les goals sont inexistants. Vraiment nâ€™achetez pas cette chose qui sert de jeu vous serez deÃ§u,0,PostÃ© le 24 oct. 2023 Ã  04:42,1,0
"En tant que joueur de FIFA de longue date, cet opus est une vÃ©ritable catastrophe en termes de gameplay, rempli de bugs rÃ©pugnants. Nous sommes en 2023, bon sang !",1,PostÃ© le 23 oct. 2023 Ã  18:35,1,0
Belle blague je les eu gratuitement rÃ©sultat mon pote et devenu mon ennemi je vous dÃ©conseille cette blague c'est vraiment le pire jeu de foot ne l'achetez pas c'est vraiment une honte les bug a chaque fois je suis devant les cage mon joueur ne tire pas s'arrÃªte de bougez c'est vraiment un sketch,0,PostÃ© le 03 oct. 2023 Ã  11:54,21,0
"EA qui comme d'habitude s'engraisse avec les pigeons mais le jeu est de pire en pire. Une Caaataaastrophe ""Simulation"" de football lol.Vivement qu'un concurrent vienne s'immiscer dans la lutte ! C'est pas prÃ¨s d'arriver malheureusement !",0,PostÃ© le 29 sept. 2023 Ã  19:06,17,0
"Gameplay catastrophique, jamais vue un FIFA aussi nul, un script vraiment incroyable, des tacles de fou furieux qui n'as aucun impact, des bugs Ã  tout va, vraiment c'est plus horrible que sympathique de jouer a ce jeux, le seul truc positif du jeux c'est que les cartes sont belles , Ã  part Ã§a tout le reste est Ã©clatÃ© de A Ã  Z, un conseil gardez votre argent car ce jeux est une perte de temps.",1,PostÃ© le 23 oct. 2023 Ã  17:44,1,0
"Ce jeux est sorti foul bug. Faut encore attendre 3-4mois cette annÃ©e pour qu'il soit finit.Tout est toujours QUE pour FuT. Qu'ils sortent un jeux Ã  part free to play avec des saisons pour vendre leurs nouvelles cartes qu'on en parle plus.Ici sur club pro, mode trÃ¨s intÃ©ressant et complÃ¨tement dÃ©laissÃ©. Pendant 3 semaines impossible de trouver un match. Maintenant que c'est rÃ©glÃ© et qu'on puisse monter son pro quoi?Les Ã©toiles gestes techniques et mauvais pieds ne se fixe pas. Tu peux mettre 4 ou 5 Ã©toiles geste technique, en match ce sera toujours 3.Tu montes ton pro pour rien .. en carriÃ¨re plein de bug cinÃ©matique transfert, maillots.. annonceur..Bref vivement un bon concurrent que EA se bouge un peu les fesses sur un vrai jeux de foot et du gameplay plutÃ´t que mettre toute l'Ã©nergie sur des techniques de ventes et commerciale pour FuT.",6,PostÃ© le 15 oct. 2023 Ã  22:33,1,0
"Merci aux joueurs de donner de VRAIES notes pour ce nouveau DLC de la part d'EA Sports.Encore une fois, on se moque des joueurs, pour le prix du jeu, on a une MAJ de Fifa 23, un mode Fut qui accueille les fÃ©minines, pourquoi ne pas faire un mode fÃ©minine au sein mÃªme de Fut et laisser le mode de base ? Aucune idÃ©e.Le mode carriÃ¨re est toujours le mÃªme, quelques amÃ©liorations anecdotiques encore une fois, les animations sont les mÃªmes malgrÃ© tout ..Pas de profondeur dans le jeu comme on peut le voir sur un NB2k par exemple...Les notes des joueurs sont incohÃ©rentes, ils ne doivent pas regarder les matchs.Gameplay encore moins bon que les annÃ©es prÃ©cÃ¨dentes, gardiens horribles, contres Ã  tout va pour l'attaquant, les appels sont d'une mÃ©diocritÃ©, toujours les mÃªmes, aucune tactique n'est rÃ©ellement possible puisque l'IA des joueurs est alÃ©atoire. L'arbitrage est pareil, incomprÃ©hensible, cartons jaune pour des fautes qui mÃ©ritent une peine de prison...Bref, rien de surprenant cette annÃ©e encore.Vivement un concurrent ! A boycotter au lieu d'enrichir cette mÃ©diocritÃ©.",1,PostÃ© le 12 oct. 2023 Ã  17:47,1,0
"Pour le moment câ€™est une vraie purge ! Jâ€™espÃ¨re sincÃ¨rement que des MAJs vont sortir bientÃ´t parce que lÃ  Ã§a en devient risibleâ€¦Aucun plaisir Ã  gagner, les buts sont cadeaux car les gardiens nâ€™existent pas, si on sait un minimum frapper câ€™est 80% de chance de marquer tellement les gardiens sont mauvais (mÃªme des Alisson ou autre grands gardiens Ã  90) et les dÃ©fenseurs câ€™est encore plus scandaleuxâ€¦ Apparement ils sont fait en gruyÃ¨re, les attaquants les traversent littÃ©ralement quand il y a des contacts ou des dribbles, le moindre changement de trajectoire met au tapis 2-3 dÃ©fenseurs/milieux, le dÃ©fenseur sÃ©lectionnÃ© est seul contre tous car lâ€™IA coÃ©quipier est inexistant, aucun marquage ni placement, câ€™est triste Ã  voir.MÃªme en testant le mode carriÃ¨re en lÃ©gendaire câ€™est mauvais, des scores Ã  base de 7-2 / 8-5 / 5-4 Ã  chaque fois tellement câ€™est easy de planter et de se prendre des buts aussiâ€¦ Vraiment dÃ©Ã§u par le jeu !Je passe sous silence tous les bugs du jeu, que Ã§a soit dans certains menus ou dans le gameplay parce que sinon Ã§a serait trop longâ€¦",2,PostÃ© le 07 oct. 2023 Ã  13:54,2,2
"AprÃ¨s 30 heures de jeu et venant de lâ€™Ã©cole PES depuis les annÃ©es 90, mon verdict est que ce nâ€™est pas du football. Une attaque/dÃ©fense (avec un systÃ¨me dÃ©fensif inexistant). Une foutaise. 5 points pour Volta car jâ€™en attendais rien et câ€™est divertissant en local avec des potes.",5,PostÃ© le 05 nov. 2023 Ã  23:03,1,1
"Je pensais au moins qu'ils allaient changer quelque chose mais non. Mode carriÃ¨re pauvre, le jeu est beug de partout, l'ont-ils testÃ© ?? Aucun changements avec les anciens fifa, trop rapide, irrÃ©aliste, aucune atmosphÃ¨re. Ne l'achetez pas Ã§a ne vaut pas la peine.",2,PostÃ© le 23 oct. 2023 Ã  14:51,1,1
j'attendais tellement car c'Ã©tait mon premier fifa que ps5 et franchement je suis totalement dÃ©Ã§u ! Le pire fifa depuis que j'y joue ... pour moi ce qu'il me marque le plus c'est le passe qui sont interceptÃ© trÃ¨s facilement et les passes que je fait ne vont jamais ou ils doivent aller . bien dommage d'avoir dÃ©penser 80 balle pour une merde pareil .. j'espÃ¨re que tout les notes nÃ©gatif vont faire bougÃ© le cul d EA !!!,5,PostÃ© le 20 oct. 2023 Ã  07:43,1,1
"nul pour les tryhardeurs comme chaque annÃ©e, mais quand meme une bonne possibilitÃ© de s'amuser sans se prendre la tÃªte, meme dans ultimate team.mieux que les prÃ©cÃ©dents de ce point de vue",15,PostÃ© le 14 nov. 2023 Ã  11:47,1,2
"Je mais 12 pour saison et club pro , fut est la pire arnaques du siÃ¨cle je mais 5/20 Ã  se mode de bobo",10,PostÃ© le 17 oct. 2023 Ã  13:27,1,2
"ObligÃ© de gonfler la note pour compenser les avis nÃ©gatifs complÃ¨tement injustifiÃ©s.Je joue uniquement au mode carriÃ¨re, je ne parlerai donc pas des autres modes.Cet opus est dans la lignÃ©e de son prÃ©dÃ©cesseur, avec quelques amÃ©liorations par-ci, par-lÃ .Si vous l'achetez en promo, Ã§a vaut clairement le coup. Faut pas y mettre plus de 30â‚¬ selon moi.Toujours est-il que ce jeu est trÃ¨s bon, quoi qu'en disent les pseudo-spÃ©cialistes du football virtuel.Il suffit de savoir ce que l'on achÃ¨te et de savoir patienter jusqu'Ã  l'arrivÃ©e des promos, ce qui n'a pas pris longtemps cette annÃ©e...",20,PostÃ© le 28 dÃ©c. 2023 Ã  14:26,1,4
"Je trouve le nouveau FC24 trÃ¨s bien, malgrÃ© certains bugs de dÃ©but du jeux ainsi que de glitch en modes en ligne. Sinon la qualitÃ© des graphismes du jeu restent bien ;)",17,PostÃ© le 22 oct. 2023 Ã  19:04,1,8
Gameplay de meilleur qualitÃ© comparÃ© aux autres annÃ©es. Je prends du plaisir sur le jeu mais pour combien de temps ? Seul le temps nous le diras avec les futures mises Ã  jours.,14,PostÃ© le 02 oct. 2023 Ã  12:52,1,9
"je n'ai pas l'habitude de noter les ""FIFA"" mais voyant tout le monde lui mettre 0 je vient lui mettre un 18 que je trouve mÃ©ritÃ©, depuis que je l'achete 1 an sur 2 , jai fait l'impasse sur le 23 et du coup je voit une vrai diffÃ©rence par rapport Ã  l'opus 22, je trouve le 24 vraiment sympas et trÃ¨s rÃ©ussi, alors oui ce n'est pas une rÃ©volution non plus mais c'est un trÃ¨s bon jeu de football, le meilleur du marchÃ© , et le seul aussi c'est vrai",18,PostÃ© le 04 oct. 2023 Ã  18:55,1,12
"Jeux plus posÃ©, mouvement plus naturel, en rÃ©glant mÃªme les sliders le jeux deviens plus plaisant ...Points positifs :- Petite amÃ©lioration gameplay mÃªme si c'est pas la rÃ©volution on sent c'est plus posÃ©- LÃ©gÃ¨re amÃ©lioration physique de balle ( tester sur coup d'envoie, carriÃ¨re et clubs )- Bonnes animations que ce soit sur le terrain ou cinÃ©matiques  ou ralenti- Un nouveau menu fluide et efficace- De vrai maillots avec la technologie sapiensPoints nÃ©gatifs :- Toujours pas de 2 vs 2 entre amis en ligne ou 3 vs 3 avec un systÃ¨me de lobby par ex- Gameplay degeulasse sur UT et saison c'est un autre jeux ( ballon de plage, vitesse multiplier par 10 )- Perte de l'entrÃ©e hymne ldc avec compo ( terme d'immersion c'est bof )",18,PostÃ© le 29 sept. 2023 Ã  20:36,1,15
scriptÃ© du dÃ©but Ã  la fin le pire c'est ultimate team c'est n'importe quoi tu peux mettre la meilleure dÃ©fense du monde tu te manges des buts de merde dans tous les cas,1,PostÃ© le 15 oct. Ã  09:22,0,0
Belle blague je les eu gratuitement rÃ©sultat mon pote et devenu mon ennemi je vous dÃ©conseille cette blague c'est vraiment le pire jeu de foot ne l'achetez pas c'est vraiment une honte les bug a chaque fois je suis devant les cage mon joueur ne tire pas s'arrÃªte de bougez c'est vraiment un sketch,0,PostÃ© le 03 oct. 2023 Ã  11:54,21,0
"EA qui comme d'habitude s'engraisse avec les pigeons mais le jeu est de pire en pire. Une Caaataaastrophe ""Simulation"" de football lol.Vivement qu'un concurrent vienne s'immiscer dans la lutte ! C'est pas prÃ¨s d'arriver malheureusement !",0,PostÃ© le 29 sept. 2023 Ã  19:06,17,0
"Le jeu le plus beuger que je n'ai jamais vue j'ai dÃ©sinstaller, j'espÃ¨re que FC 25 ne sera pas pareil.",0,PostÃ© le 28 aoÃ»t Ã  19:30,0,0
"Incroyable !! Sa fait des annÃ©es que les dÃ©veloppeurs dorment debout !! Jeux script de fouuuu , je parle mÃªme pas des bugs pendant le match vz falloir vraiment vous les sortir du F*** vos doigts et faire un jeux correcte  et comme par hasard fc 25 va sortir le fc 24 bugs vous Ãªtes des vrais voyous Ã  nous vendent Ã§a mÃ©ga cher alors que votre jeux est juste nul rien Ã  dire .",0,PostÃ© le 21 aoÃ»t Ã  04:28,0,0
"TrÃ¨s mÃ©diocre, physique du jeu atroce, aucun sens dans les IA, arbitres horribles, on dirait presque que les rÃ©sultats des matchs sont dÃ©finis par avance, matchmaking totalement dÃ©sÃ©quilibrÃ©. EA FC24 Ã©tant un Ã©niÃ¨me jeu d'une longue sÃ©rie, on dirait plus que c'est le 1er jeu d'une entreprise mÃ©diocre, tout est Ã  revoir et refaire c'est fou",0,PostÃ© le 17 aoÃ»t Ã  14:40,0,0
llllll llllll llllll llllll llllll llllll llllll llllll llllll llllllğŸš¨THE MOST ROTTEN GAME IN THE WORLD ğŸš¨llllll llllll llllll llllll llllll llllll llllll llllll llllll llllll,0,PostÃ© le 14 aoÃ»t Ã  00:56,0,0
"Un jeu qui n'a pas Ã©voluÃ© du tout, des gardiens catastrophiques en club pro qui ne captent pas 98 % des ballons, un avantage toujours Ã  l'attaquant...Ã€ quand un jeu au top et digne des nouvelles gÃ©nÃ©rations de consolesâ€¦Des jeux dignes de PS3",1,PostÃ© le 12 aoÃ»t Ã  18:58,0,0
"Une honte de la part de jvc qui mettent 16 Ã  un jeu comme Ã§a. A part le nom rien de nouveau les script sont toujours lÃ , vous allez gagner 1-0 contre le real et le matchs suivants perdre cont evian. Quand le jeu a dÃ©cidÃ© que vous devez perdre c'est littÃ©ralement impossible, leur joueur seront plus rapide et sur toute vos passe, vos joueur vont ce stopper ou reculer face Ã  un joueur, des nombreux cafouillage non siffle on as l'impression de jouer en D2 par moment. En bref mauvais jeux bien noter par jvc une honte pour les jeux vidÃ©o.Ps: jvc revoyez vos note et votre site, le captcha ne fonctionne pas bien, c'est la 3eme fois que j'Ã©cris mon avis.",0,PostÃ© le 07 aoÃ»t Ã  14:30,0,0
"On reprend les mÃªmes et on recommence.Ã‡a devrait Ãªtre leur diction non?Ã‰videmment, on ne compte mÃªme plus le nombre de beug que le jeu possÃ¨de. Rien que dans le jeu en plein match, les menus, les objectifs qui ne collent pas, les remises de trophÃ©es sans vraiment les voir, la cohÃ©rence des Ã©quipes dans certains championnatsâ€¦.. et jâ€™en passe ! Un calvaire. On espÃ¨re le 2025 meilleurâ€¦",9,PostÃ© le 29 juil. Ã  23:19,0,0
"Jeu avec des SCRIPTS, le plus gros script dans un match qui est flagrant . c'est quand le match dÃ©bute, tu marques rapidement 2 ou 3 but en mÃªme pas 20Minutes de jeu et d'un coup, tu t'en prends 4 ou 5 but en quelques minutes. Tu n'as plus du tout le mÃªme adversaire en face de toi !",1,PostÃ© le 18 juil. Ã  02:42,0,0
"Graphismes top, aprÃ¨s en mode champion (solo) pas si Ã©vident de mettre une frappe de loinbeaucoup de rÃ©glages Ã  faire au prÃ©alable pour que cela soit un peu rÃ©aliste (vitesse lente etc)Beaucoup de stades, il en manque quelques uns (Olimpico, Allianz Arena, Bollaert...)",16,PostÃ© le 13 juil. Ã  17:59,0,1
"Pire fifa/fc , Les joueurs ne sont pas respectÃ© .Obliger de relancer le jeu car les menus Bug et ce depuis le dÃ©but du jeu et jamais corriger , bug abusÃ© en tout genre(ex:les joueurs pouvaient traverser le terrain avec la balle dans les mains tout le match sans possibilitÃ© de faire quoi que ce soit , glitch de partout (rÃ©compense qui donner certain ""gros"" joueurs a cause d'un bug , un jeu qui permet une faÃ§on de jouer dite ""cancer"" , Une physique dÃ©gelasse , du script par moment lunaire .",0,PostÃ© le 12 juil. Ã  19:35,0,0
"Fifa 24 ,Le fÃ©minin toujours pas de mode carriÃ¨re de plus aucun mode crÃ©ation championnat ni Ã©quipes ni mayo ni stades , le foot pas rÃ©aliste, Je suis certain que les crÃ©ateurs du jeu n'on jamais regarder le foot fÃ©minin ,exemple  Lille fÃ©minin a un stade plein a craquer de 80000 spectateurs !Je suis comptent qu'il y est du football fÃ©minin mais je n'y retrouve pas du tout l'ambiance dans le jeu",4,PostÃ© le 10 juil. Ã  00:03,0,0
"Le pire FIFA depuis que jâ€™ai commencÃ© Ã  jouer il y a 16 ans. Gameplay abominable, aucun rÃ©alisme, des scores de tennis Ã  chaque matchâ€¦. Ã€ Ã©viter comme la peste. EA est tombÃ© bien bas sur cet opus et nâ€™a pas lâ€™air de sâ€™en soucier. Je pensais que FIFA23 Ã©tait le pire, jâ€™ai longuement hÃ©sitÃ© Ã  acheter FC24 avec son air de nouveautÃ© et de renouvellementâ€¦ Quelle erreur, mis Ã  part les graphismes qui sont ""beaux"", le gameplay est pire que jamais. Le seul changement de situe dans le nom de la franchiseâ€¦. Câ€™Ã©tait mon dernier achat, je me dirigerai dÃ©sormais vers PES ou dâ€™autres jeux de simulations qui, eux, Ã©coutent les fans et ne se moquent pas ouvertement de leur communautÃ© (quâ€™ils ne font quâ€™arnaquer et duper de bout en bout).Nâ€™achetez surtout pas ce jeu, nâ€™y jouez tout simplement pas pour votre santÃ© mental. Allez prendre lâ€™air et vivez une vie heureuse loin de ce jeu.Nâ€™achetez masc",0,PostÃ© le 05 juil. Ã  14:32,0,0
Horrible ğŸ¤®ğŸ¤® le jeu est remplis de script câ€™est injouable 80â‚¬ pour Ã§a. Passer votre chemin . Câ€™est le pire fifa depuis longtemps limite je regrette fifa 23 qui nâ€™Ã©tait pourtant pas ouf Nn plus . Bref nâ€™achetez pas ce jeu.,1,PostÃ© le 19 juin Ã  22:57,0,0
pire jeu fifa de toute lâ€™histoire vraiment nâ€™y jouez pas pour votre bien et le bien de votre manette câ€™est un truc de fou de faire des jeux aussi pourri,0,PostÃ© le 19 juin Ã  18:25,0,0
Je est trop contrÃ´lÃ© par et mise Ã  jour des erreurs que font les joueurs au cours des jeux sont impressionnant et dÃ©stabilisant nos prenons dÃ©but sans le vouloir et nous mettons dÃ©but sans vraiment le vouloir aussi. cela dÃ©pend des Ã©quipes avec des bus sortis dâ€™ailleurs,4,PostÃ© le 15 juin Ã  19:35,0,0
Belle blague je les eu gratuitement rÃ©sultat mon pote et devenu mon ennemi je vous dÃ©conseille cette blague c'est vraiment le pire jeu de foot ne l'achetez pas c'est vraiment une honte les bug a chaque fois je suis devant les cage mon joueur ne tire pas s'arrÃªte de bougez c'est vraiment un sketch,0,PostÃ© le 03 oct. 2023 Ã  11:54,21,0
"EA qui comme d'habitude s'engraisse avec les pigeons mais le jeu est de pire en pire. Une Caaataaastrophe ""Simulation"" de football lol.Vivement qu'un concurrent vienne s'immiscer dans la lutte ! C'est pas prÃ¨s d'arriver malheureusement !",0,PostÃ© le 29 sept. 2023 Ã  19:06,17,0
"Tout simplement un DÃ‰-SA-STRE! Est-ce un jeu ou une vaste blague?! Du mauvais pÃ¢tÃ© en boÃ®te de conserve clairement, pour ne pas dire pire! Jâ€™y joue depuis ma tendre enfance et aujourdâ€™hui Ã  35 berges je suis toujours prÃ©sent sur FIFA (enfin plutÃ´t EA FC dÃ©sormaisâ€¦)Et le moins que je puisse dire câ€™est que depuis toutes ces annÃ©es je nâ€™avais jamais vu EA Sports sortir un opus aussi bÃ¢clÃ©! Brouillon. On dirait presque une dÃ©mo. Niveau amateurisme ils ont dÃ©crochÃ© la timbale. Le gameplay est catastrophique, Ã§a sâ€™apparente Ã  du cirque. Surtout en ligne oÃ¹ le systÃ¨me dÃ©fensif est quasi inexistant, des joueurs avec un niveau relativement faible peuvent transpercer votre dÃ©fense tranquillement alors que vos dÃ©fenseurs font bloc et vont au contact. Les joueurs autour du porteur de balle ne proposent quasiment jamais de solutions, le radar du bas ne sert aussi quasiment plus Ã  rien tant les mouvements et appels de balle en profondeur sont famÃ©liques et insignifiants. Lâ€™impact des passes triangle (les passes clÃ©s!!!) a Ã©tÃ© franchement limitÃ© que ce soit au sol ou Ã  mi hauteur, tout comme les centres. Et enfin les gardiens de ce jeu sont semblables Ã  de grands chats bondissant de gauche Ã  droite Ã  la vitesse de flash gordon (-_-â€˜) Tirs Ã  bout portant, retours supersoniques sur la ligne etc.. Rien nâ€™arrÃªte les portiers dans ce jeuâ€¦ Bien burlesque Ã  voir parfois lolOn dirait quâ€™EA a sorti un jeu dâ€™arcade avec un niveau dâ€™amateurisme dÃ©fiant toutes morales comparÃ© aux anciennes Ã©ditions. Trop de failles dans le gameplay pour que les puristes et braves bon joueurs sâ€™Ã©clatent vraiment dans ce EA FC. Câ€™est plutÃ´t un jeu pour assister et faire plaisir aux dÃ©butants et aux joueurs mÃ©diocres.Quelle pauvretÃ© dans les phase de jeuâ€¦Moi qui suis un ferru de mouvements collectifs de haute volÃ©e, de tiki-taka, de jeu lÃ©chÃ© au sol, de football Total et de football champagne, philosophies que jâ€™applique depuis des annÃ©es sur FIFA. Eh ben, bien mal mâ€™en a pris dâ€™acheter ce jeu car il est quasiment impossible de jouer Ã  merveille et dans les rÃ¨gles de lâ€™art dans cet opus bien mÃ©diocre et insipideâ€¦Autre anecdote qui me fait sourire jaune, rÃ©cemment jâ€™Ã©tais en train dâ€™atomiser 10-4 un mec en ligne en saison, bien Ã©videmment rempli de rage et frustrÃ© un moment donnÃ© il a tournÃ© les talons et bifurquÃ© de la partie.Arrivant au menu principal saisons, Ã  ma grande surprise je mâ€™aperÃ§ois que je nâ€™ai pas obtenu les 3 points de la victoire alors que mon adversaire a abandonnÃ©â€¦Câ€™est vraiment un problÃ¨me que EA doit corriger car cela mâ€™est arrivÃ© des tas de fois et Ã  vrai dire câ€™est plutÃ´t rageant!!!Lâ€™IA en ligne est vraiment grotesqueâ€¦ Les seuls bons points du jeu sont les graphismes et le contenu qui est riche (Mode CarriÃ¨re, FUT etcâ€¦)Jâ€™espÃ¨re que EA corrigera le tir rapidement car pour tout les fans et puristes du jeu depuis la premiÃ¨re heure comme moi, je pense que la question de faire dÃ©finitivement lâ€™impasse sur le jeu se posera. OÃ¹ bien passer chez la concurrence (si elle se rÃ©veille) mais Ã©tant donnÃ© quâ€™EA nâ€™a pas de concurrence concrÃ¨tement, ils sont un peu en roue libre dans un fauteuil câ€™est Ã§a qui est un peu dommage.Va falloir quâ€™EA se rÃ©veillent pour que nous les passionnÃ©s et amateurs de jeu de simulation de foot, on kiffe et sâ€™Ã©clate nouveau!",5,PostÃ© le 14 juin Ã  12:08,0,0
Honteux. Jeux mal optimiser que des bugs aucun effort juste la pour engranger un max de thunes. Jeux scripter dÃ©sÃ©quilibrer les fifa il y a 10 ans Ã©tÃ© mieux,0,PostÃ© le 10 juin Ã  14:15,0,0
"AprÃ¨s avoir abandonnÃ© Fifa il y a 4 ans maintenant car le jeu etait catastrophique et nul a chier. Jâ€™ai pris FC24 gratuitement sur le PSN. RÃ©sultat il est encore plus claquÃ©. Ea ce donne a fond pour faire de la grosse merde. Je joue uniquement en solo, mode carriÃ¨re. Je pense aue câ€™est la pire IA que jâ€™ai vu de ma vie, si je met le jeu en champion je roule sur tout le monde, je monte dâ€™un cran en LÃ©gende et jâ€™affronte 11 Lionel Messi. Tout est irrÃ©alisable au possible, lâ€™IA a 45 contres favorables a chaque action. La moindre interception ou tacle de lâ€™IA est parfaitement rÃ©ussi. Je me fais balayer sans jamais de faute ( je vais check les ralentis, lâ€™ia ne touche pas ma ballon, balaye mon joeur, ca joue apparemment) mdrrrEA Sport je suis si heureux de vous avoir vu perdre la licence Fifa ahah petit a petit tout vos jeux de merde vont tomber dans lâ€™oubli. Au premiÃ¨re loge avec popcorn pour voir votre chut en espÃ©rant que vous allez mettre la clÃ© sous la porte bande de merdes.",0,PostÃ© le 10 juin Ã  13:32,0,0
Pas grand chose Ã  dire quand on note le nÃ©ant total d'une vÃ©ritable pompe Ã  fric. Aucune cohÃ©rence avec du football. Ceci est une arcade ou un joueur part milieu de terrain et dribble droit et met un but. Bref toujours pareil au pays d ea pompe Ã  fric.,1,PostÃ© le 10 juin Ã  11:03,0,0
"Ce n'est pas du football les joueurs glissent de partout , aucun Ã©quilibre entre l'attaque et la dÃ©fense..Jeu catastrophique en l'Ã©tat .Arnaque totale a 70 euros",0,PostÃ© le 24 mai Ã  13:45,0,0
"Assez dÃ©Ã§u de cette opus par rapport au cru prÃ©cÃ©dent, ras le bol des maj qui changent constamment le gameplay suite au retours des joueurs pro, gameplay dÃ©sÃ©quilibrÃ© dans l'ensemble, trÃ¨s dur Ã  dÃ©fendre, pression trop hautes intense irrÃ©aliste, mauvaise gestion du comportement de l ia, bref Ã  chaque annÃ©e son ea foot vidÃ©o game Ã  chacun ses goÃ»ts, pas pr moi cette annÃ©e, aussi bien en multi que en solo pas un plaisir de fou, aprÃ¨s que l'on reste objectif cela reste un excellent jeu de foot dans l'ensemble avec un contenu de dingue !!!",13,PostÃ© le 20 avr. Ã  19:16,0,2
"Chaque annÃ©e il se surpasse nous proposer de la merde, c'est vraiment prodigieux d'atteindre un tel niveau de merditude. Je pense que n'y pas et qu'il n'y aura jamais de jeu aussi merdique. Quoique, avoir les prochains fifa. Ils ont prouvÃ© a mainte reprise qu'ils en sont capable mais de toute faÃ§on celui restera le dernier pour moi. Apres 17 ans a jouer a fifa, celui-ci a fini par me degoutÃ© du jeu.",0,PostÃ© le 09 avr. Ã  01:55,0,0
"Je suis un grand fan de foot et donc de FIFA .MÃªme quand pes Ã©tait au dessus jetait toujours FIFA FIFA 2001 2002 2004 2005 ect ..Ce putin de FIFA m'a fait perdre des centaines de marche j'appuie sur triangle le gardien ne sort pas il avance sans bouger , et que dire du mode lÃ©gende ? N'importe quel Ã©quipe mÃªme les plus naze sont imbattables, non seulement imbattable mais en plus de sa ils vous mettent des raclÃ© des 4 but normal .Exemple en ligue 1 mode carriÃ¨re PSG avec de bon joueur vu le budget je perd 4 a 0 face a Lens .Lyon me met 3 a 1 alors que je menÃ©e 1 a 0 .Toulouse me viole 4 a 0 a quel heure c'est du football ? Les joueurs vont a une vitesse hinumaine .Je me.dis c trop dur je repasse en mode champion et devinez quoi ? C'est beaucoup trop facile !!!!!! Ou bien c trop facile ou bien c injouable mais quel jeux de merde boycottez ses fdp de EA vivement un concurrent pour qu'ont puissent enfin avoir un jeu de foot sÃ©rieux et rÃ©aliste ! J'ai fait une carriÃ¨re avec wolsbouuurg en 2 saison ont exigÃ© la ligue des champions alors que dans la vrai vie ce club es nul a chier !!!!Et si t mal classe genre entre 7eme et 10 Ã¨me place t virer ! Alors que dans la vrai vie il finissent entre 11eme et 14 Ã¨me place , a gerber !!!!!!! Fuck FIFA Fuck EA",5,PostÃ© le 07 avr. Ã  07:23,0,0
"J'ai toujours pas compris si c'Ã©tait du Tennis ou du Ping-pong.Par contre c'est pas du foot. J'ai dÃ©jÃ  Ã©tÃ© dÃ©Ã§u par des jeux, mais autant que celui-lÃ  jamais. J'ai pas besoin de dÃ©velopper plus, tout Ã  Ã©tÃ© dit dans les commentaires prÃ©cÃ©dents. Et le prenez pas par dÃ©pit pour faire une soirÃ©e Fifa entre potes, si ils ont pas de compte c'est foutu. Si vous voulez un jeux de foot avec des Ã©quipes et des stats qui se rapprochent de la rÃ©alitÃ© rabattez vous sur le 23.",1,PostÃ© le 03 avr. Ã  23:44,0,0
"ce jeu peut ce trouver intÃ©ressant dans le cas ou votre qi ne dÃ©passe pas 70, sinon passez votre chemin.rien a dire de + donc on va remplir pour les caractÃ¨re inutile car il mÃ©rite pas d'autres arguments, mon chat est gris et j'aime les lasagnes.",0,PostÃ© le 25 mars Ã  17:28,0,0
"Je joue Ã  FIFA depuis FIFA 97, donc jâ€™en ai vu passer quelques uns. Ah pardon Ã§a ne sâ€™appelle plus Fifa Ã§a sâ€™appelle EA FC 24. Mais pardon ce nâ€™est pas non plus un jeu de foot câ€™est un jeu dâ€™arcade. AprÃ¨s, pour les amateurs de fantasy, magie etcâ€¦ ce jeu est fait pour vous, des miracles qui sâ€™enchaÃ®nent les uns aprÃ¨s les autres. Records : 8 poteaux de part et d autre dans un match, je perdais 4-0 et jâ€™ai gagnÃ© 6-4 en 30 min etcâ€¦ bref une daube qui veut se faire passer pour un jeu de football afin d attirer le plus grand monde alors que ceci est un jeu d arcade fantasy.",0,PostÃ© le 24 mars Ã  18:05,0,0
"Jeu catastrophique, remplis de bug en tout genre.Paie to win en futVous aurez beau jouer Ã©normÃ©ment vous nâ€™aurez rien dans vos pack de plus EA se permet dâ€™enlever vos crÃ©dit pour des suspicions sans mÃªme apporter des preuves. Vivement 2k, comme au basket EA SPORT va perdre le marchÃ© car il se moque de leur communautÃ©. Jeu Ã  fuir Bonne journÃ©e",1,PostÃ© le 23 mars Ã  12:26,0,0
Jeux de sport le plus nul jamais conÃ§u. C'est tout sauf du foot et surtout pas une simulation. A fuir Ã  tout prix. MÃªme Ã  vendre c'est une arnaque. Comment des gens peuvent jouer encore Ã  sa,0,PostÃ© le 22 mars Ã  21:44,0,0
"Incroyablement dÃ©cevant jamais un FIFA pas autant dÃ©Ã§u mÃªme le 18...FIFA 17 pour moi le meilleur de la sÃ©rie qui a su rebondir.FC 24 OMG que c'est mauvais, beaucoup de chose supprimer en carriÃ¨re manager, c'est presque des choix tactique imposÃ©.Une entreprise comme EA devrais faire un jeu chaque annÃ©e qui surpasse le prÃ©cÃ©dent mais tout le monde s'en fou tant qu'ils ont leur FUT dÃ©bile super arcade!",8,PostÃ© le 21 mars Ã  10:20,0,0
En Ultime/lÃ©gende j'ai le sentiment de jouer aux Ã©checs mais que l'adversaire joue 2 Ã  3 coups de plus Ã  chacun de ses tours et que mes pions que je touche pas se livre tout seul sur un plateau.(ouverture des lignes defensives). que je gagne ou perde c'est mÃªme pas agrÃ©able. Depuis toutes ces annÃ©es faut bien dire qu'ils sont vraiment pas crÃ©atif chez EA. j'encourage de bouder les prochaines sorties afin qu'il y ait du mouvement dans la chaumiÃ¨re. Et dire que j'Ã©tais optimiste avec la sortie de la ps5..,0,PostÃ© le 18 mars Ã  05:06,0,0
Belle blague je les eu gratuitement rÃ©sultat mon pote et devenu mon ennemi je vous dÃ©conseille cette blague c'est vraiment le pire jeu de foot ne l'achetez pas c'est vraiment une honte les bug a chaque fois je suis devant les cage mon joueur ne tire pas s'arrÃªte de bougez c'est vraiment un sketch,0,PostÃ© le 03 oct. 2023 Ã  11:54,21,0
"EA qui comme d'habitude s'engraisse avec les pigeons mais le jeu est de pire en pire. Une Caaataaastrophe ""Simulation"" de football lol.Vivement qu'un concurrent vienne s'immiscer dans la lutte ! C'est pas prÃ¨s d'arriver malheureusement !",0,PostÃ© le 29 sept. 2023 Ã  19:06,17,0
"Moi perso je dirais pas que le jeu est archi degueulasse vous avez amÃ©liorÃ© câ€™est temps ci Ã§a va un peu par rapport Ã  la sortie . Jâ€™avoue que vous aimez le foot tout comme nous les consommateurs mais en vrai est ce que vous avez essayer le jeu vous mÃªme crÃ©ateur avant de faire sortir cette merde ? Non jâ€™ai lâ€™impression que vous avez rendu le jeu en faisant exprÃ¨s bien sÃ»r plus pire quâ€™avant . Jâ€™ai lâ€™impression que vous faite exprÃ¨s. Dâ€™abord vous retirer ce qui est un bon lâ€™intro des joueurs le stade la vue la salutation des joueurs lâ€™intro en gÃ©nÃ©ral vous le retirer et vous le simplifier pourquoi au faite2/ pourquoi supprimer le brazil on sait que vous Ãªtes raciste vous avez ajouter 2 pays africains sa on le sait mais pourquoi ne pas faire un jeu qui est entier vous faite un jeu super chers on se tue pour le payer rÃ©sultat dÃ©ception .3/ jâ€™ai lâ€™impression que le jeu est fait pour Lâ€™IA , les fautes sont trop abuser il y a des tacles qui doivent faire exclus le joueur et mettre le joueur tacler sur civiÃ¨re dâ€™abord il mÃ©rite pas rouge le joueur de deux mon joueur nâ€™est blessÃ© . Est il se blesse sur des fautes dÃ©bile ğŸ˜…â€¦4 / pourquoi ne pas faire un mode carriÃ¨re joueur plus rÃ©aliste Ã§a vous coÃ»te quoi EASPORT Jâ€™AI MAL parce que je sais que vous avez la possibilitÃ© votre jeu nâ€™est pas hyper degueulasse mais franchement jâ€™ai lâ€™impression de mâ€™ennuyer en jouant le jeu jusque câ€™est le seul jeu de foot qui niveau graphiste est super bien mis . Copie et coller la rÃ©alitÃ© câ€™est tout . Comment faire une carriÃ¨re de 1 an de contrat il suffit que tu valide pas 1 seul objectif on te chasse mÃªme si tu as fais une saison remarquable on veut voir plus de cinÃ©matiques jâ€™ai joueur le jeu en 20h jâ€™ai fini 2 saison et demi . Câ€™est nul wallah . Les passes yâ€™a que IA qui les rÃ©ussissent bien . Moi quand mes joueurs ont le ballon ils savent pas quoi faire et pourquoi aussi chasser de bon joueur quand jâ€™arrive ? Parfois vous les faite pas jouer . Tu as de bon ailier qui dribble quand ils sont IA le jour tu joue avec eux ils devienne nul câ€™est abuser essayer dâ€™Ãªtre plus rÃ©aliste . Les tÃªtes meme si tu as Marquinhos câ€™est un jouer de GEN 69 qui sâ€™imposera face Ã  lui mÃªme sâ€™il a tÃªte 45 . Je sens pour une premiÃ¨re que vous pouvez changer beaucoup de chose sâ€™il vous plaÃ®t aprÃ¨s la prochaine sorti soyez vrai envers nous5/ le jeu est trop facile pour moi, dâ€™abord dans ma carriÃ¨re je suis aller au PSG quand Nâ€™importe quel joueur marque le publique scande son nom quand je marque personne nâ€™ose parler de mon joueur câ€™est pas rÃ©aliste et cesser de faire que tout tourne autour de mon joueur par moment mon Ã©quipe peuvent se permettre de combiner et marquer pourquoi toujours ils tourne me rechercher câ€™est naz3 . Il est facile dans la mesure oÃ¹ câ€™est moi qui doit tout faire fin de saison jâ€™ai 30 passe ou sa existe Ã§a ? ğŸ˜…ğŸ˜…ğŸ˜…ğŸ˜…ğŸ˜…6/ la var merde ğŸ˜…. Câ€™est bon la yâ€™a un peu de cohÃ©rence7/ pourquoi yâ€™a pas dâ€™interview genre question rÃ©ponse et pourquoi pas toujours commencer une carriÃ¨re Ã  19 ans avve le club de mon souhait yâ€™a pas de rÃ©aliste si je choisir rÃ©al et que je fais asseoir vinicus sa nâ€™existe pas sachant sur vinicus est au meilleur de sa forme . Faite plutÃ´t un truc qui donne envie de dit je suis fier de ce jeu mais rien chaque jour câ€™est pareil . Les Club doivent se battre pour nous avoir par nos compÃ©tences8/ transfert dans quel coups je ne dois plus Ãªtre transfert en Janvier vous rendez le jeu mille franchement câ€™est bon jâ€™arrÃªte de jouer . Pfff je suis mal sur les nerfs",2,PostÃ© le 14 mars Ã  03:48,0,0
"Ce fut le pire jeu que jâ€™ai testÃ© , le jeu est nul , le gameplay est nul , la communautÃ© est nul et ultimateam pourri. Le jeu est rempli de script et de rÃ©Ã©quilibrage. Le jeu le plus rageant",0,PostÃ© le 10 mars Ã  04:30,0,0
"Nul, concept jouabilitÃ© de pire en pire surtout ultimate team , grand dÃ©sÃ©quilibre de rÃ©a attribution , pas de logique sur le jeux qui devient de plus en plus frustrant, pas d'Ã©volution de graphisme depuis 2012 c'est presque le mÃªme jeux voir pire en jouabiltÃ©, entre ps4 et Ps5 pas de diffÃ©rence, une catastrophe pour les amateurs de jeux de football et malheureusement aucune alternative",0,PostÃ© le 02 mars Ã  13:13,0,0
"Vraiment dÃ©cevant. Le mÃªme depuis le 19. Mais en plus il est scriptÃ© jusqu'au cou. Impossible d'Ãªtre champion sur le mode carriÃ¨re, on se fera tjrs doubler Ã  un moment ou un autre. Les scores sont des matchs de tennis. Les gardiens sont de vÃ©ritables passoires. Nos joueurs glissent. Les scores sont alÃ©atoires (ex: tu peux gagner 3-0 contre le barca puis perdre 5-3 contre almeria). L'IA du jeu est contre toi 1 fois sur 2. Bref, EA, vous avez tout intÃ©rÃªt Ã  faire mieux et faire en sorte que cela ressemble Ã  du foot...",3,PostÃ© le 02 mars Ã  10:54,0,0
Je n'ai pas acheter fifa 22 ni le 23 .. cette fois je l'ai toucher Ã  20 e  et bien mÃªme 20 euros c'est trop ! Ce jeux est vraiment Ã  chier ... le plus nul que j'ai connus .. une lenteur absurde des joueurs .. des lacs contre favorables ; scripts ; score de tennis .. et pleins d'autres choses.. rien ne va ! A fuir,0,PostÃ© le 25 fÃ©vr. Ã  18:19,0,0
Intelligence artificiel complÃ¨tement dÃ©bile rends les balles Ã  l'adversaire les dÃ©fenseurs ont peur du ballon les goal arrÃªte 90/100 des tirs.Nombreux bugs textures passes Ã  travers les joueurs ballon invisible pour un jeu Ã  80â‚¬ et qui n'est qu'une mise Ã  jour du 23 c'est une arnaque.,3,PostÃ© le 17 fÃ©vr. Ã  22:48,0,0
"Un jeu de merde, vraiment. Le pire jeu au monde je comprends pas comment Ã§a peut Ãªtre lÃ©gal de mettre en circulation un tel jeu ! Franchement les gars derriÃ¨re le jeu vous Ãªtes des mange mort, une bande d'incapable qui passent l'entiÃ¨retÃ© de leur journÃ©e Ã  concevoir et investir dans un jeu pourris qui au final pÃ» la merde. BouffÃ© le votre FC24 et chiÃ© le !!! Une honte",1,PostÃ© le 15 fÃ©vr. Ã  15:53,0,0
"Je mets 1/20 mais je ne sais pas d'oÃ¹ vient ce point. Le jeu est trÃ¨s decevant dans beaucoup d'aspect mais le plus alarmant sont les bugs : Beaucoup de crash, jeu particuliÃ¨rement lourd, de nombreux bug sur les modes en ligne mais aussi pour certaines personnes le mode ultimate teams ne marche pas ce qui est la fonction principal de fifa. Autant dire qu'il ne faut pas l'acheter mÃªme si vous Ãªtes fan de fifa et un joueur fut je vous le dÃ©conseille Ã§a sera juste une deception.",1,PostÃ© le 12 fÃ©vr. Ã  22:24,0,0
"Juste un copier/coller de Fifa 23 avec une mise Ã  jour des transferts et des Ã©quipes et voilÃ  le tour est jouÃ©. Une blague.... Franchement, aucune amÃ©lioration, une catastrophe, comment se faire du fric on en foutant le moins possible..",2,PostÃ© le 03 fÃ©vr. Ã  22:04,0,0
Je me demande encore pourquoi jâ€™ai achetÃ© ce jeu jâ€™y ai jouÃ© trois heures je lâ€™ai fermÃ© et dÃ©sinstallÃ© rien de nouveau depuis 2022 une honte!EA Câ€™EST FINI,5,PostÃ© le 03 fÃ©vr. Ã  00:30,0,0
5 pour les pelouses et c'est tout........ ................ .............. .............. .................... .............. ................... .............. ................... .............. ..........,5,PostÃ© le 30 janv. Ã  20:17,0,0
Jeux vraiment horrible script sur script passe impossible Ã  rÃ©aliser changements de curseur en pleine action donc impossible Ã  dÃ©fendre contre favorable sur contre favorable il es a chier ce jeu,0,PostÃ© le 27 janv. Ã  13:38,0,0
"Avant de lâ€™acheter, je trouvais la note des joueurs sÃ©vÃ¨reâ€¦ mais Ã§a câ€™Ã©tait avant de lâ€™acheter.Lâ€™annÃ©e derniÃ¨re jâ€™avais mis 3/20 Ã  FIFA 23. Cette annÃ©e, devenue FC24 (mÃªme le nom est mÃ©diocre), je lui retire encore un point. Les menus sont moches et pas du tout intuitifs. Le mode de jeu UT est injouable et la mentalitÃ© des adversaires exÃ©crable. Tout le monde a des Ã©quipes de fou. DÃ¨s mon troisiÃ¨me match, jâ€™avais dÃ©jÃ  une bonne Ã©quipe. Jâ€™aimais bien le plaisir de commencer avec des mauvais joueurs et devoir se saigner pour avoir un bon joueur. Maintenant câ€™est Ã  celui qui aura Mâ€™Bappe lÃ©gendaire UT champion suprÃªme Omega version Cheat infini de NoÃ«l Ã  97 et 150 de vitesse. Puis les femmes que viennent-elles faire lÃ  ?! Câ€™est un scandale. Vous feriez mieux dâ€™acheter les droits du Napoli, de la Juve ou des Milan plutÃ´t que vos Ã©quipes fÃ©minines surtout sur UT. Un trÃ¨s beau mauvais jeu de foot. Seul intÃ©rÃªt jouer avec ses amis. Pour ceux qui en ont.",2,PostÃ© le 27 janv. Ã  00:48,0,0
Le gameplay est Ã  chieUne dÃ©fense de mortLes femmes plus rapide que mbappeTrop de chose Ã  dire mais j ai pas le temps j ai rien a faireBref une daube ce jeu,1,PostÃ© le 24 janv. Ã  22:26,0,0
"Ceux qui mettent des 0 partout et qui viennent dire de la merde chaque annÃ©e, allez-y, crÃ©ez et inventez votre propre jeu de simulation de foot. JouÃ© toutes les semaines sur PS5 (parfois avec mon pÃ¨re), ce jeu est un rÃ©gal qui est passionnant Ã  tout point de vue en tant que fan de football.",19,PostÃ© le 24 janv. Ã  11:26,0,3
